Country,WHOREGION,FLUREGION,Year,Week,SDATE,EDATE,month,SPEC_RECEIVED_NB,SPEC_PROCESSED_NB,AH1,AH1N12009,AH3,AH5,ANOTSUBTYPED,INF_A,BYAMAGATA,BVICTORIA,BNOTDETERMINED,INF_B,ALL_INF,ALL_INF2,TITLE
Pakistan,Eastern Mediterranean Region of WHO,Southern Asia,2007,47,19-11-2007,25-11-2007,11,4,4,0,0,0,0,0,0,0,0,0,0,0,,No Activity
Pakistan,Eastern Mediterranean Region of WHO,Southern Asia,2007,48,26-11-2007,02-12-2007,12,8,8,0,0,0,0,0,0,0,0,0,0,0,,No Activity
Pakistan,Eastern Mediterranean Region of WHO,Southern Asia,2007,49,03-12-2007,09-12-2007,12,10,10,0,0,0,0,0,0,0,0,0,0,0,,No Activity
Pakistan,Eastern Mediterranean Region of WHO,Southern Asia,2007,50,10-12-2007,16-12-2007,12,14,14,0,0,0,0,0,0,0,0,0,0,0,,No Activity
Pakistan,Eastern Mediterranean Region of WHO,Southern Asia,2007,51,17-12-2007,23-12-2007,12,12,12,0,0,0,0,0,0,0,0,0,0,0,,No Activity
Pakistan,Eastern Mediterranean Region of WHO,Southern Asia,2007,52,24-12-2007,30-12-2007,12,3,3,0,0,0,0,0,0,0,0,0,0,0,,No Activity
Pakistan,Eastern Mediterranean Region of WHO,Southern Asia,2008,1,31-12-2007,06-01-2008,1,13,13,0,0,0,0,0,0,0,0,0,0,0,,No Activity
Pakistan,Eastern Mediterranean Region of WHO,Southern Asia,2008,2,07-01-2008,13-01-2008,1,7,7,0,0,0,0,0,0,0,0,0,0,0,,No Activity
Pakistan,Eastern Mediterranean Region of WHO,Southern Asia,2008,3,14-01-2008,20-01-2008,1,12,12,0,0,0,0,0,0,0,0,0,0,0,,No Activity
Pakistan,Eastern Mediterranean Region of WHO,Southern Asia,2008,4,21-01-2008,27-01-2008,1,14,14,0,0,0,0,0,0,0,0,0,0,0,,No Activity
Pakistan,Eastern Mediterranean Region of WHO,Southern Asia,2008,5,28-01-2008,03-02-2008,2,16,16,0,0,0,0,0,0,0,0,1,1,1,,Sporadic
Pakistan,Eastern Mediterranean Region of WHO,Southern Asia,2008,6,04-02-2008,10-02-2008,2,2,2,0,0,0,0,0,0,0,0,0,0,0,,No Activity
Pakistan,Eastern Mediterranean Region of WHO,Southern Asia,2008,7,11-02-2008,17-02-2008,2,17,17,0,0,0,0,0,0,0,0,1,1,1,,Sporadic
Pakistan,Eastern Mediterranean Region of WHO,Southern Asia,2008,8,18-02-2008,24-02-2008,2,4,4,0,0,0,0,0,0,0,0,0,0,0,,No Activity
Pakistan,Eastern Mediterranean Region of WHO,Southern Asia,2008,9,25-02-2008,02-03-2008,3,9,9,0,0,0,0,0,0,0,0,0,0,0,,No Activity
Pakistan,Eastern Mediterranean Region of WHO,Southern Asia,2008,10,03-03-2008,09-03-2008,3,9,9,0,0,0,0,0,0,0,0,0,0,0,,No Activity
Pakistan,Eastern Mediterranean Region of WHO,Southern Asia,2008,11,10-03-2008,16-03-2008,3,14,14,2,0,0,0,0,2,0,0,0,0,2,,Sporadic
Pakistan,Eastern Mediterranean Region of WHO,Southern Asia,2008,12,17-03-2008,23-03-2008,3,12,12,0,0,0,0,0,0,0,0,0,0,0,,No Activity
Pakistan,Eastern Mediterranean Region of WHO,Southern Asia,2008,13,24-03-2008,30-03-2008,3,10,10,0,0,0,0,0,0,0,0,2,2,2,,Sporadic
Pakistan,Eastern Mediterranean Region of WHO,Southern Asia,2008,14,31-03-2008,06-04-2008,4,9,9,1,0,3,0,0,4,0,0,0,0,4,,Sporadic
Pakistan,Eastern Mediterranean Region of WHO,Southern Asia,2008,15,07-04-2008,13-04-2008,4,10,10,0,0,0,0,0,0,0,0,0,0,0,,No Activity
Pakistan,Eastern Mediterranean Region of WHO,Southern Asia,2008,16,14-04-2008,20-04-2008,4,8,8,0,0,0,0,0,0,0,0,1,1,1,,Sporadic
Pakistan,Eastern Mediterranean Region of WHO,Southern Asia,2008,17,21-04-2008,27-04-2008,4,10,10,0,0,2,0,0,2,0,0,1,1,3,,Sporadic
Pakistan,Eastern Mediterranean Region of WHO,Southern Asia,2008,18,28-04-2008,04-05-2008,5,4,4,0,0,0,0,0,0,0,0,1,1,1,,Sporadic
Pakistan,Eastern Mediterranean Region of WHO,Southern Asia,2008,19,05-05-2008,11-05-2008,5,0,0,0,0,0,0,0,0,0,0,0,0,0,,No Report
Pakistan,Eastern Mediterranean Region of WHO,Southern Asia,2008,20,12-05-2008,18-05-2008,5,2,2,0,0,0,0,0,0,0,0,1,1,1,,Sporadic
Pakistan,Eastern Mediterranean Region of WHO,Southern Asia,2008,21,19-05-2008,25-05-2008,5,7,7,0,0,0,0,0,0,0,0,1,1,1,,Sporadic
Pakistan,Eastern Mediterranean Region of WHO,Southern Asia,2008,22,26-05-2008,01-06-2008,6,2,2,0,0,0,0,0,0,0,0,0,0,0,,No Activity
Pakistan,Eastern Mediterranean Region of WHO,Southern Asia,2008,23,02-06-2008,08-06-2008,6,1,1,0,0,0,0,0,0,0,0,0,0,0,,No Activity
Pakistan,Eastern Mediterranean Region of WHO,Southern Asia,2008,24,09-06-2008,15-06-2008,6,0,0,0,0,0,0,0,0,0,0,0,0,0,,No Report
Pakistan,Eastern Mediterranean Region of WHO,Southern Asia,2008,25,16-06-2008,22-06-2008,6,3,3,0,0,0,0,0,0,0,0,0,0,0,,No Activity
Pakistan,Eastern Mediterranean Region of WHO,Southern Asia,2008,26,23-06-2008,29-06-2008,6,6,6,0,0,0,0,0,0,0,0,0,0,0,,No Activity
Pakistan,Eastern Mediterranean Region of WHO,Southern Asia,2008,27,30-06-2008,06-07-2008,7,1,1,0,0,0,0,0,0,0,0,0,0,0,,No Activity
Pakistan,Eastern Mediterranean Region of WHO,Southern Asia,2008,28,07-07-2008,13-07-2008,7,0,0,0,0,0,0,0,0,0,0,0,0,0,,No Report
Pakistan,Eastern Mediterranean Region of WHO,Southern Asia,2008,29,14-07-2008,20-07-2008,7,1,1,0,0,0,0,0,0,0,0,0,0,0,,No Activity
Pakistan,Eastern Mediterranean Region of WHO,Southern Asia,2008,30,21-07-2008,27-07-2008,7,8,8,0,0,1,0,0,1,0,0,1,1,2,,Sporadic
Pakistan,Eastern Mediterranean Region of WHO,Southern Asia,2008,31,28-07-2008,03-08-2008,8,7,7,0,0,3,0,0,3,0,0,1,1,4,,Sporadic
Pakistan,Eastern Mediterranean Region of WHO,Southern Asia,2008,32,04-08-2008,10-08-2008,8,8,8,0,0,1,0,0,1,0,0,1,1,2,,Sporadic
Pakistan,Eastern Mediterranean Region of WHO,Southern Asia,2008,33,11-08-2008,17-08-2008,8,8,8,0,0,1,0,0,1,0,0,1,1,2,,Sporadic
Pakistan,Eastern Mediterranean Region of WHO,Southern Asia,2008,34,18-08-2008,24-08-2008,8,13,13,0,0,3,0,0,3,0,0,4,4,7,,Sporadic
Pakistan,Eastern Mediterranean Region of WHO,Southern Asia,2008,35,25-08-2008,31-08-2008,8,13,13,0,0,1,0,0,1,0,0,1,1,2,,Sporadic
Pakistan,Eastern Mediterranean Region of WHO,Southern Asia,2008,36,01-09-2008,07-09-2008,9,6,6,0,0,0,0,0,0,0,0,1,1,1,,Sporadic
Pakistan,Eastern Mediterranean Region of WHO,Southern Asia,2008,37,08-09-2008,14-09-2008,9,7,7,0,0,1,0,0,1,0,0,0,0,1,,Sporadic
Pakistan,Eastern Mediterranean Region of WHO,Southern Asia,2008,38,15-09-2008,21-09-2008,9,8,8,0,0,2,0,0,2,0,0,0,0,2,,Sporadic
Pakistan,Eastern Mediterranean Region of WHO,Southern Asia,2008,39,22-09-2008,28-09-2008,9,2,2,0,0,0,0,0,0,0,0,0,0,0,,No Activity
Pakistan,Eastern Mediterranean Region of WHO,Southern Asia,2008,40,29-09-2008,05-10-2008,10,1,1,0,0,0,0,0,0,0,0,0,0,0,,No Activity
Pakistan,Eastern Mediterranean Region of WHO,Southern Asia,2008,41,06-10-2008,12-10-2008,10,1,1,0,0,0,0,0,0,0,0,0,0,0,,No Activity
Pakistan,Eastern Mediterranean Region of WHO,Southern Asia,2008,42,13-10-2008,19-10-2008,10,2,2,0,0,0,0,0,0,0,0,0,0,0,,No Activity
Pakistan,Eastern Mediterranean Region of WHO,Southern Asia,2008,43,20-10-2008,26-10-2008,10,4,4,0,0,0,0,0,0,0,0,0,0,0,,No Activity
Pakistan,Eastern Mediterranean Region of WHO,Southern Asia,2008,44,27-10-2008,02-11-2008,11,1,1,0,0,0,0,0,0,0,0,0,0,0,,No Activity
Pakistan,Eastern Mediterranean Region of WHO,Southern Asia,2008,45,03-11-2008,09-11-2008,11,0,0,0,0,0,0,0,0,0,0,0,0,0,,No Report
Pakistan,Eastern Mediterranean Region of WHO,Southern Asia,2008,46,10-11-2008,16-11-2008,11,3,3,0,0,0,0,0,0,0,0,0,0,0,,No Activity
Pakistan,Eastern Mediterranean Region of WHO,Southern Asia,2008,47,17-11-2008,23-11-2008,11,14,14,1,0,0,0,0,1,0,0,1,1,2,,Sporadic
Pakistan,Eastern Mediterranean Region of WHO,Southern Asia,2008,48,24-11-2008,30-11-2008,11,13,13,0,0,0,0,0,0,0,0,3,3,3,,Sporadic
Pakistan,Eastern Mediterranean Region of WHO,Southern Asia,2008,49,01-12-2008,07-12-2008,12,22,22,1,0,4,0,0,5,0,0,7,7,12,,Local Outbreak
Pakistan,Eastern Mediterranean Region of WHO,Southern Asia,2008,50,08-12-2008,14-12-2008,12,3,3,0,0,0,0,0,0,0,0,3,3,3,,Local Outbreak
Pakistan,Eastern Mediterranean Region of WHO,Southern Asia,2008,51,15-12-2008,21-12-2008,12,12,12,1,0,0,0,0,1,0,0,3,3,4,,Local Outbreak
Pakistan,Eastern Mediterranean Region of WHO,Southern Asia,2008,52,22-12-2008,28-12-2008,12,4,4,0,0,0,0,0,0,0,0,0,0,0,,No Activity
Pakistan,Eastern Mediterranean Region of WHO,Southern Asia,2009,1,29-12-2008,04-01-2009,1,,9,0,,0,,,0,0,,0,0,0,,Sporadic
Pakistan,Eastern Mediterranean Region of WHO,Southern Asia,2009,2,05-01-2009,11-01-2009,1,23,23,5,0,3,0,0,8,0,0,3,3,11,,Sporadic
Pakistan,Eastern Mediterranean Region of WHO,Southern Asia,2009,3,12-01-2009,18-01-2009,1,16,16,2,0,1,0,0,3,0,0,2,2,5,,Sporadic
Pakistan,Eastern Mediterranean Region of WHO,Southern Asia,2009,4,19-01-2009,25-01-2009,1,18,18,3,0,3,0,0,6,0,0,2,2,8,,Sporadic
Pakistan,Eastern Mediterranean Region of WHO,Southern Asia,2009,5,26-01-2009,01-02-2009,2,9,9,1,0,1,0,0,2,0,0,2,2,4,,Sporadic
Pakistan,Eastern Mediterranean Region of WHO,Southern Asia,2009,6,02-02-2009,08-02-2009,2,5,5,0,0,0,0,0,0,0,0,0,0,0,,Sporadic
Pakistan,Eastern Mediterranean Region of WHO,Southern Asia,2009,7,09-02-2009,15-02-2009,2,8,8,2,0,0,0,0,2,0,0,2,2,4,,Sporadic
Pakistan,Eastern Mediterranean Region of WHO,Southern Asia,2009,8,16-02-2009,22-02-2009,2,3,3,0,0,1,0,0,1,0,0,1,1,2,,Sporadic
Pakistan,Eastern Mediterranean Region of WHO,Southern Asia,2009,9,23-02-2009,01-03-2009,3,9,9,1,0,0,0,0,1,0,0,0,0,1,,Sporadic
Pakistan,Eastern Mediterranean Region of WHO,Southern Asia,2009,10,02-03-2009,08-03-2009,3,14,14,0,0,0,0,0,0,0,0,1,1,1,,Sporadic
Pakistan,Eastern Mediterranean Region of WHO,Southern Asia,2009,11,09-03-2009,15-03-2009,3,12,12,1,0,0,0,0,1,0,0,1,1,2,,Sporadic
Pakistan,Eastern Mediterranean Region of WHO,Southern Asia,2009,12,16-03-2009,22-03-2009,3,13,13,0,0,0,0,0,0,0,0,0,0,0,,Sporadic
Pakistan,Eastern Mediterranean Region of WHO,Southern Asia,2009,13,23-03-2009,29-03-2009,3,7,7,0,0,1,0,0,1,0,0,0,0,1,,Sporadic
Pakistan,Eastern Mediterranean Region of WHO,Southern Asia,2009,14,30-03-2009,05-04-2009,4,10,10,0,0,0,0,0,0,0,0,1,1,1,,Sporadic
Pakistan,Eastern Mediterranean Region of WHO,Southern Asia,2009,15,06-04-2009,12-04-2009,4,12,12,1,0,0,0,0,1,0,0,0,0,1,,Sporadic
Pakistan,Eastern Mediterranean Region of WHO,Southern Asia,2009,16,13-04-2009,19-04-2009,4,6,6,0,0,0,0,0,0,0,0,0,0,0,,Sporadic
Pakistan,Eastern Mediterranean Region of WHO,Southern Asia,2009,17,20-04-2009,26-04-2009,4,10,10,0,0,0,0,0,0,0,0,0,0,0,,Sporadic
Pakistan,Eastern Mediterranean Region of WHO,Southern Asia,2009,18,27-04-2009,03-05-2009,5,17,17,0,0,0,0,0,0,0,0,2,2,2,,Sporadic
Pakistan,Eastern Mediterranean Region of WHO,Southern Asia,2009,19,04-05-2009,10-05-2009,5,9,9,0,0,0,0,0,0,0,0,0,0,0,,Sporadic
Pakistan,Eastern Mediterranean Region of WHO,Southern Asia,2009,20,11-05-2009,17-05-2009,5,6,6,0,0,0,0,0,0,0,0,0,0,0,,No Activity
Pakistan,Eastern Mediterranean Region of WHO,Southern Asia,2009,21,18-05-2009,24-05-2009,5,10,10,0,0,0,0,0,0,0,0,2,2,2,,Sporadic
Pakistan,Eastern Mediterranean Region of WHO,Southern Asia,2009,22,25-05-2009,31-05-2009,5,15,15,0,0,0,0,0,0,0,0,3,3,3,,Sporadic
Pakistan,Eastern Mediterranean Region of WHO,Southern Asia,2009,23,01-06-2009,07-06-2009,6,38,38,0,0,1,0,0,1,0,0,6,6,7,,Sporadic
Pakistan,Eastern Mediterranean Region of WHO,Southern Asia,2009,24,08-06-2009,14-06-2009,6,31,31,0,0,0,0,0,0,0,0,4,4,4,,Sporadic
Pakistan,Eastern Mediterranean Region of WHO,Southern Asia,2009,25,15-06-2009,21-06-2009,6,15,15,0,1,1,0,0,2,0,0,2,2,4,,Sporadic
Pakistan,Eastern Mediterranean Region of WHO,Southern Asia,2009,26,22-06-2009,28-06-2009,6,10,10,0,0,0,0,0,0,0,0,1,1,1,,Sporadic
Pakistan,Eastern Mediterranean Region of WHO,Southern Asia,2009,27,29-06-2009,05-07-2009,7,20,20,0,0,3,0,0,3,0,0,2,2,5,,Sporadic
Pakistan,Eastern Mediterranean Region of WHO,Southern Asia,2009,28,06-07-2009,12-07-2009,7,11,11,0,0,0,0,0,0,0,0,6,6,6,,Sporadic
Pakistan,Eastern Mediterranean Region of WHO,Southern Asia,2009,29,13-07-2009,19-07-2009,7,18,18,0,0,0,0,0,0,0,0,0,0,0,,No Activity
Pakistan,Eastern Mediterranean Region of WHO,Southern Asia,2009,30,20-07-2009,26-07-2009,7,18,18,0,0,0,0,0,0,0,0,1,1,1,,Sporadic
Pakistan,Eastern Mediterranean Region of WHO,Southern Asia,2009,31,27-07-2009,02-08-2009,8,9,9,0,0,0,0,0,0,0,0,2,2,2,,Sporadic
Pakistan,Eastern Mediterranean Region of WHO,Southern Asia,2009,32,03-08-2009,09-08-2009,8,13,13,0,1,0,0,0,1,0,0,1,1,2,,Sporadic
Pakistan,Eastern Mediterranean Region of WHO,Southern Asia,2009,33,10-08-2009,16-08-2009,8,32,32,0,0,6,0,0,6,0,0,2,2,8,,Sporadic
Pakistan,Eastern Mediterranean Region of WHO,Southern Asia,2009,34,17-08-2009,23-08-2009,8,33,33,0,0,7,0,0,7,0,0,1,1,8,,Sporadic
Pakistan,Eastern Mediterranean Region of WHO,Southern Asia,2009,35,24-08-2009,30-08-2009,8,37,37,0,0,8,0,0,8,0,0,0,0,8,,Sporadic
Pakistan,Eastern Mediterranean Region of WHO,Southern Asia,2009,36,31-08-2009,06-09-2009,9,13,13,0,0,5,0,0,5,0,0,0,0,5,,Sporadic
Pakistan,Eastern Mediterranean Region of WHO,Southern Asia,2009,37,07-09-2009,13-09-2009,9,42,42,0,0,11,0,0,11,0,0,1,1,12,,Sporadic
Pakistan,Eastern Mediterranean Region of WHO,Southern Asia,2009,38,14-09-2009,20-09-2009,9,14,14,0,0,2,0,0,2,0,0,0,0,2,,Sporadic
Pakistan,Eastern Mediterranean Region of WHO,Southern Asia,2009,39,21-09-2009,27-09-2009,9,8,8,0,2,0,0,0,2,0,0,0,0,2,,Sporadic
Pakistan,Eastern Mediterranean Region of WHO,Southern Asia,2009,40,28-09-2009,04-10-2009,10,21,21,0,0,1,0,0,1,0,0,0,0,1,,Sporadic
Pakistan,Eastern Mediterranean Region of WHO,Southern Asia,2009,41,05-10-2009,11-10-2009,10,30,30,0,1,3,0,0,4,0,0,0,0,4,,Sporadic
Pakistan,Eastern Mediterranean Region of WHO,Southern Asia,2009,42,12-10-2009,18-10-2009,10,43,43,0,1,7,0,0,8,0,0,3,3,11,,Sporadic
Pakistan,Eastern Mediterranean Region of WHO,Southern Asia,2009,43,19-10-2009,25-10-2009,10,32,32,0,0,2,0,0,2,0,0,6,6,8,,Sporadic
Pakistan,Eastern Mediterranean Region of WHO,Southern Asia,2009,44,26-10-2009,01-11-2009,11,16,16,2,0,0,0,0,2,0,0,0,0,2,,Sporadic
Pakistan,Eastern Mediterranean Region of WHO,Southern Asia,2009,45,02-11-2009,08-11-2009,11,24,24,0,4,2,0,0,6,0,0,1,1,7,,Sporadic
Pakistan,Eastern Mediterranean Region of WHO,Southern Asia,2009,46,09-11-2009,15-11-2009,11,39,39,0,5,1,0,0,6,0,0,0,0,6,,Local Outbreak
Pakistan,Eastern Mediterranean Region of WHO,Southern Asia,2009,47,16-11-2009,22-11-2009,11,41,41,0,10,0,0,0,10,0,0,2,2,12,,Regional Outbreak
Pakistan,Eastern Mediterranean Region of WHO,Southern Asia,2009,48,23-11-2009,29-11-2009,11,40,40,0,11,0,0,0,11,0,0,0,0,11,,Regional Outbreak
Pakistan,Eastern Mediterranean Region of WHO,Southern Asia,2009,49,30-11-2009,06-12-2009,12,59,59,0,15,0,0,0,15,0,0,0,0,15,,Regional Outbreak
Pakistan,Eastern Mediterranean Region of WHO,Southern Asia,2009,50,07-12-2009,13-12-2009,12,86,86,0,23,0,0,0,23,0,0,0,0,23,,Regional Outbreak
Pakistan,Eastern Mediterranean Region of WHO,Southern Asia,2009,51,14-12-2009,20-12-2009,12,135,135,0,52,2,0,0,54,0,0,0,0,54,,Widespread Outbreak
Pakistan,Eastern Mediterranean Region of WHO,Southern Asia,2009,52,21-12-2009,27-12-2009,12,145,145,0,36,0,0,0,36,0,0,12,12,48,,Widespread Outbreak
Pakistan,Eastern Mediterranean Region of WHO,Southern Asia,2009,53,28-12-2009,03-01-2010,1,92,92,0,11,0,0,0,11,0,0,28,28,39,,Widespread Outbreak
Pakistan,Eastern Mediterranean Region of WHO,Southern Asia,2010,1,04-01-2010,10-01-2010,1,223,223,0,65,0,0,0,65,0,0,51,51,116,,Widespread Outbreak
Pakistan,Eastern Mediterranean Region of WHO,Southern Asia,2010,2,11-01-2010,17-01-2010,1,105,105,0,13,0,0,0,13,0,0,42,42,55,,Widespread Outbreak
Pakistan,Eastern Mediterranean Region of WHO,Southern Asia,2010,3,18-01-2010,24-01-2010,1,118,118,0,13,0,0,0,13,0,0,32,32,45,,Widespread Outbreak
Pakistan,Eastern Mediterranean Region of WHO,Southern Asia,2010,4,25-01-2010,31-01-2010,1,162,162,0,5,0,0,0,5,0,0,14,14,19,,Widespread Outbreak
Pakistan,Eastern Mediterranean Region of WHO,Southern Asia,2010,5,01-02-2010,07-02-2010,2,58,58,0,2,0,0,0,2,0,0,2,2,4,,Sporadic
Pakistan,Eastern Mediterranean Region of WHO,Southern Asia,2010,6,08-02-2010,14-02-2010,2,35,35,0,0,0,0,0,0,0,0,0,0,0,,Sporadic
Pakistan,Eastern Mediterranean Region of WHO,Southern Asia,2010,7,15-02-2010,21-02-2010,2,22,22,0,2,0,0,0,2,0,0,0,0,2,,Sporadic
Pakistan,Eastern Mediterranean Region of WHO,Southern Asia,2010,8,22-02-2010,28-02-2010,2,22,22,0,2,0,0,0,2,0,0,0,0,2,,Sporadic
Pakistan,Eastern Mediterranean Region of WHO,Southern Asia,2010,9,01-03-2010,07-03-2010,3,23,23,0,0,0,0,0,0,0,0,1,1,1,,Sporadic
Pakistan,Eastern Mediterranean Region of WHO,Southern Asia,2010,10,08-03-2010,14-03-2010,3,29,29,0,2,0,0,0,2,0,0,0,0,2,,Sporadic
Pakistan,Eastern Mediterranean Region of WHO,Southern Asia,2010,11,15-03-2010,21-03-2010,3,16,16,0,2,0,0,0,2,0,0,0,0,2,,Sporadic
Pakistan,Eastern Mediterranean Region of WHO,Southern Asia,2010,12,22-03-2010,28-03-2010,3,5,5,0,0,0,0,0,0,0,0,0,0,0,,No Activity
Pakistan,Eastern Mediterranean Region of WHO,Southern Asia,2010,13,29-03-2010,04-04-2010,4,10,10,0,0,0,0,0,0,0,0,0,0,0,,No Activity
Pakistan,Eastern Mediterranean Region of WHO,Southern Asia,2010,14,05-04-2010,11-04-2010,4,9,9,0,0,0,0,0,0,0,0,0,0,0,,No Activity
Pakistan,Eastern Mediterranean Region of WHO,Southern Asia,2010,15,12-04-2010,18-04-2010,4,16,16,0,0,1,0,0,1,0,0,0,0,1,,Sporadic
Pakistan,Eastern Mediterranean Region of WHO,Southern Asia,2010,16,19-04-2010,25-04-2010,4,6,6,0,0,0,0,0,0,0,0,0,0,0,,No Report
Pakistan,Eastern Mediterranean Region of WHO,Southern Asia,2010,17,26-04-2010,02-05-2010,5,10,10,0,0,0,0,0,0,0,0,0,0,0,,No Activity
Pakistan,Eastern Mediterranean Region of WHO,Southern Asia,2010,18,03-05-2010,09-05-2010,5,12,12,0,0,0,0,0,0,0,0,0,0,0,,No Activity
Pakistan,Eastern Mediterranean Region of WHO,Southern Asia,2010,19,10-05-2010,16-05-2010,5,0,0,0,0,0,0,0,0,0,0,0,0,0,,No Report
Pakistan,Eastern Mediterranean Region of WHO,Southern Asia,2010,20,17-05-2010,23-05-2010,5,1,1,0,0,0,0,0,0,0,0,0,0,0,,No Activity
Pakistan,Eastern Mediterranean Region of WHO,Southern Asia,2010,21,24-05-2010,30-05-2010,5,6,6,0,0,0,0,0,0,0,0,0,0,0,,No Activity
Pakistan,Eastern Mediterranean Region of WHO,Southern Asia,2010,22,31-05-2010,06-06-2010,6,21,21,0,0,1,0,0,1,0,0,1,1,2,,Sporadic
Pakistan,Eastern Mediterranean Region of WHO,Southern Asia,2010,23,07-06-2010,13-06-2010,6,13,13,0,0,0,0,0,0,0,0,0,0,0,,No Activity
Pakistan,Eastern Mediterranean Region of WHO,Southern Asia,2010,24,14-06-2010,20-06-2010,6,19,19,0,0,0,0,0,0,0,0,0,0,0,,No Activity
Pakistan,Eastern Mediterranean Region of WHO,Southern Asia,2010,25,21-06-2010,27-06-2010,6,26,26,0,0,0,0,0,0,0,0,1,1,1,,Sporadic
Pakistan,Eastern Mediterranean Region of WHO,Southern Asia,2010,26,28-06-2010,04-07-2010,7,33,33,0,0,0,0,0,0,0,0,0,0,0,,No Activity
Pakistan,Eastern Mediterranean Region of WHO,Southern Asia,2010,27,05-07-2010,11-07-2010,7,33,33,0,0,0,0,0,0,0,0,0,0,0,,No Activity
Pakistan,Eastern Mediterranean Region of WHO,Southern Asia,2010,28,12-07-2010,18-07-2010,7,23,23,0,0,0,0,0,0,0,0,0,0,0,,No Activity
Pakistan,Eastern Mediterranean Region of WHO,Southern Asia,2010,29,19-07-2010,25-07-2010,7,7,7,0,0,0,0,0,0,0,0,0,0,0,,No Activity
Pakistan,Eastern Mediterranean Region of WHO,Southern Asia,2010,30,26-07-2010,01-08-2010,8,9,9,0,0,0,0,0,0,0,0,0,0,0,,No Activity
Pakistan,Eastern Mediterranean Region of WHO,Southern Asia,2010,31,02-08-2010,08-08-2010,8,35,35,1,0,0,0,1,2,0,0,0,0,2,,Sporadic
Pakistan,Eastern Mediterranean Region of WHO,Southern Asia,2010,32,09-08-2010,15-08-2010,8,21,21,0,0,0,0,0,0,0,0,0,0,0,,No Activity
Pakistan,Eastern Mediterranean Region of WHO,Southern Asia,2010,33,16-08-2010,22-08-2010,8,13,13,0,0,0,0,0,0,0,0,0,0,0,,No Activity
Pakistan,Eastern Mediterranean Region of WHO,Southern Asia,2010,34,23-08-2010,29-08-2010,8,26,26,0,0,0,0,0,0,0,0,0,0,0,,No Activity
Pakistan,Eastern Mediterranean Region of WHO,Southern Asia,2010,35,30-08-2010,05-09-2010,9,40,40,0,0,0,0,1,1,0,0,0,0,1,,Sporadic
Pakistan,Eastern Mediterranean Region of WHO,Southern Asia,2010,36,06-09-2010,12-09-2010,9,27,27,0,0,0,0,0,0,0,0,0,0,0,,No Activity
Pakistan,Eastern Mediterranean Region of WHO,Southern Asia,2010,37,13-09-2010,19-09-2010,9,47,47,0,0,0,0,3,3,0,0,0,0,3,,Sporadic
Pakistan,Eastern Mediterranean Region of WHO,Southern Asia,2010,38,20-09-2010,26-09-2010,9,55,55,0,0,2,0,6,8,0,0,1,1,9,,Sporadic
Pakistan,Eastern Mediterranean Region of WHO,Southern Asia,2010,39,27-09-2010,03-10-2010,10,88,88,0,0,0,0,10,10,0,0,1,1,11,,Sporadic
Pakistan,Eastern Mediterranean Region of WHO,Southern Asia,2010,40,04-10-2010,10-10-2010,10,54,54,0,0,0,0,3,3,0,0,0,0,3,,Sporadic
Pakistan,Eastern Mediterranean Region of WHO,Southern Asia,2010,41,11-10-2010,17-10-2010,10,39,39,0,0,0,0,4,4,0,0,1,1,5,,Sporadic
Pakistan,Eastern Mediterranean Region of WHO,Southern Asia,2010,42,18-10-2010,24-10-2010,10,74,74,0,0,0,0,5,5,0,0,2,2,7,,Sporadic
Pakistan,Eastern Mediterranean Region of WHO,Southern Asia,2010,43,25-10-2010,31-10-2010,10,59,59,0,0,1,0,4,5,0,0,0,0,5,,Sporadic
Pakistan,Eastern Mediterranean Region of WHO,Southern Asia,2010,44,01-11-2010,07-11-2010,11,58,58,0,0,0,0,7,7,0,0,0,0,7,,Sporadic
Pakistan,Eastern Mediterranean Region of WHO,Southern Asia,2010,45,08-11-2010,14-11-2010,11,28,28,0,0,0,0,4,4,0,0,0,0,4,,Sporadic
Pakistan,Eastern Mediterranean Region of WHO,Southern Asia,2010,46,15-11-2010,21-11-2010,11,20,20,0,0,0,0,2,2,0,0,0,0,2,,Sporadic
Pakistan,Eastern Mediterranean Region of WHO,Southern Asia,2010,47,22-11-2010,28-11-2010,11,45,45,0,2,0,0,5,7,0,0,0,0,7,,Sporadic
Pakistan,Eastern Mediterranean Region of WHO,Southern Asia,2010,48,29-11-2010,05-12-2010,12,30,30,0,3,0,0,2,5,0,0,0,0,5,,Sporadic
Pakistan,Eastern Mediterranean Region of WHO,Southern Asia,2010,49,06-12-2010,12-12-2010,12,53,53,0,4,0,0,6,10,0,0,1,1,11,,Sporadic
Pakistan,Eastern Mediterranean Region of WHO,Southern Asia,2010,50,13-12-2010,19-12-2010,12,29,29,0,4,0,0,3,7,0,0,0,0,7,,Sporadic
Pakistan,Eastern Mediterranean Region of WHO,Southern Asia,2010,51,20-12-2010,26-12-2010,12,36,36,0,7,0,0,6,13,0,0,0,0,13,,Sporadic
Pakistan,Eastern Mediterranean Region of WHO,Southern Asia,2010,52,27-12-2010,02-01-2011,1,114,114,0,29,0,0,3,32,0,0,0,0,32,,Widespread Outbreak
Pakistan,Eastern Mediterranean Region of WHO,Southern Asia,2011,1,03-01-2011,09-01-2011,1,256,256,0,98,0,0,38,136,0,0,0,0,136,,Sporadic
Pakistan,Eastern Mediterranean Region of WHO,Southern Asia,2011,2,10-01-2011,16-01-2011,1,189,189,0,47,0,0,21,68,0,0,5,5,73,,Sporadic
Pakistan,Eastern Mediterranean Region of WHO,Southern Asia,2011,3,17-01-2011,23-01-2011,1,176,176,0,67,0,0,32,99,0,0,4,4,103,,Regional Outbreak
Pakistan,Eastern Mediterranean Region of WHO,Southern Asia,2011,4,24-01-2011,30-01-2011,1,200,200,0,44,0,0,44,88,0,0,7,7,95,,Regional Outbreak
Pakistan,Eastern Mediterranean Region of WHO,Southern Asia,2011,5,31-01-2011,06-02-2011,2,162,162,0,54,0,0,21,75,0,0,7,7,82,,Regional Outbreak
Pakistan,Eastern Mediterranean Region of WHO,Southern Asia,2011,6,07-02-2011,13-02-2011,2,166,166,0,40,0,0,34,74,0,0,9,9,83,,Regional Outbreak
Pakistan,Eastern Mediterranean Region of WHO,Southern Asia,2011,7,14-02-2011,20-02-2011,2,70,70,0,6,0,0,9,15,0,0,16,16,31,,Local Outbreak
Pakistan,Eastern Mediterranean Region of WHO,Southern Asia,2011,8,21-02-2011,27-02-2011,2,102,102,0,7,0,0,8,15,0,0,10,10,25,,Sporadic
Pakistan,Eastern Mediterranean Region of WHO,Southern Asia,2011,9,28-02-2011,06-03-2011,3,80,80,0,8,0,0,9,17,0,0,7,7,24,,Sporadic
Pakistan,Eastern Mediterranean Region of WHO,Southern Asia,2011,10,07-03-2011,13-03-2011,3,122,122,0,11,0,0,3,14,0,0,8,8,22,,Sporadic
Pakistan,Eastern Mediterranean Region of WHO,Southern Asia,2011,11,14-03-2011,20-03-2011,3,53,53,0,2,0,0,0,2,0,0,3,3,5,,Sporadic
Pakistan,Eastern Mediterranean Region of WHO,Southern Asia,2011,12,21-03-2011,27-03-2011,3,20,20,0,0,0,0,0,0,0,0,0,0,0,,No Activity
Pakistan,Eastern Mediterranean Region of WHO,Southern Asia,2011,13,28-03-2011,03-04-2011,4,5,5,0,0,0,0,0,0,0,0,1,1,1,,Sporadic
Pakistan,Eastern Mediterranean Region of WHO,Southern Asia,2011,14,04-04-2011,10-04-2011,4,5,5,0,0,0,0,0,0,0,0,0,0,0,,No Activity
Pakistan,Eastern Mediterranean Region of WHO,Southern Asia,2011,15,11-04-2011,17-04-2011,4,13,13,0,0,0,0,0,0,0,0,0,0,0,,No Activity
Pakistan,Eastern Mediterranean Region of WHO,Southern Asia,2011,16,18-04-2011,24-04-2011,4,17,17,0,0,0,0,0,0,0,0,0,0,0,,No Activity
Pakistan,Eastern Mediterranean Region of WHO,Southern Asia,2011,17,25-04-2011,01-05-2011,5,11,11,0,0,0,0,0,0,0,0,0,0,0,,No Activity
Pakistan,Eastern Mediterranean Region of WHO,Southern Asia,2011,18,02-05-2011,08-05-2011,5,8,8,0,0,0,0,0,0,0,0,0,0,0,,No Activity
Pakistan,Eastern Mediterranean Region of WHO,Southern Asia,2011,19,09-05-2011,15-05-2011,5,13,13,0,0,0,0,0,0,0,0,0,0,0,,No Activity
Pakistan,Eastern Mediterranean Region of WHO,Southern Asia,2011,20,16-05-2011,22-05-2011,5,8,8,0,0,0,0,0,0,0,0,0,0,0,,No Activity
Pakistan,Eastern Mediterranean Region of WHO,Southern Asia,2011,21,23-05-2011,29-05-2011,5,10,10,0,0,0,0,0,0,0,0,0,0,0,,No Activity
Pakistan,Eastern Mediterranean Region of WHO,Southern Asia,2011,22,30-05-2011,05-06-2011,6,10,10,0,0,0,0,0,0,0,0,0,0,0,,No Activity
Pakistan,Eastern Mediterranean Region of WHO,Southern Asia,2011,23,06-06-2011,12-06-2011,6,21,21,0,1,0,0,0,1,0,0,0,0,1,,Sporadic
Pakistan,Eastern Mediterranean Region of WHO,Southern Asia,2011,24,13-06-2011,19-06-2011,6,14,14,0,0,1,0,2,3,0,0,0,0,3,,Sporadic
Pakistan,Eastern Mediterranean Region of WHO,Southern Asia,2011,25,20-06-2011,26-06-2011,6,27,27,0,0,1,0,7,8,0,0,1,1,9,,Sporadic
Pakistan,Eastern Mediterranean Region of WHO,Southern Asia,2011,26,27-06-2011,03-07-2011,7,16,16,0,0,3,0,3,6,0,0,0,0,6,,Sporadic
Pakistan,Eastern Mediterranean Region of WHO,Southern Asia,2011,27,04-07-2011,10-07-2011,7,31,31,0,0,1,0,15,16,0,0,0,0,16,,Sporadic
Pakistan,Eastern Mediterranean Region of WHO,Southern Asia,2011,28,11-07-2011,17-07-2011,7,30,30,0,0,0,0,8,8,0,0,0,0,8,,Sporadic
Pakistan,Eastern Mediterranean Region of WHO,Southern Asia,2011,29,18-07-2011,24-07-2011,7,25,25,0,0,1,0,1,2,0,0,0,0,2,,Sporadic
Pakistan,Eastern Mediterranean Region of WHO,Southern Asia,2011,30,25-07-2011,31-07-2011,7,19,19,0,0,0,0,8,8,0,0,0,0,8,,Sporadic
Pakistan,Eastern Mediterranean Region of WHO,Southern Asia,2011,31,01-08-2011,07-08-2011,8,47,47,0,0,3,0,2,5,0,0,0,0,5,,Sporadic
Pakistan,Eastern Mediterranean Region of WHO,Southern Asia,2011,32,08-08-2011,14-08-2011,8,51,51,0,0,1,0,1,2,0,0,1,1,3,,Sporadic
Pakistan,Eastern Mediterranean Region of WHO,Southern Asia,2011,33,15-08-2011,21-08-2011,8,55,55,0,0,7,0,3,10,0,0,0,0,10,,Sporadic
Pakistan,Eastern Mediterranean Region of WHO,Southern Asia,2011,34,22-08-2011,28-08-2011,8,41,41,0,0,2,0,4,6,0,0,1,1,7,,Sporadic
Pakistan,Eastern Mediterranean Region of WHO,Southern Asia,2011,35,29-08-2011,04-09-2011,9,2,2,0,0,1,0,0,1,0,0,0,0,1,,Sporadic
Pakistan,Eastern Mediterranean Region of WHO,Southern Asia,2011,36,05-09-2011,11-09-2011,9,68,68,0,0,0,0,3,3,0,0,0,0,3,,Sporadic
Pakistan,Eastern Mediterranean Region of WHO,Southern Asia,2011,37,12-09-2011,18-09-2011,9,60,60,0,0,3,0,0,3,0,0,0,0,3,,Sporadic
Pakistan,Eastern Mediterranean Region of WHO,Southern Asia,2011,38,19-09-2011,25-09-2011,9,26,26,0,0,2,0,6,8,0,0,0,0,8,,Sporadic
Pakistan,Eastern Mediterranean Region of WHO,Southern Asia,2011,39,26-09-2011,02-10-2011,10,47,47,0,0,2,0,7,9,0,0,1,1,10,,Sporadic
Pakistan,Eastern Mediterranean Region of WHO,Southern Asia,2011,40,03-10-2011,09-10-2011,10,20,20,0,0,1,0,2,3,0,0,0,0,3,,Sporadic
Pakistan,Eastern Mediterranean Region of WHO,Southern Asia,2011,41,10-10-2011,16-10-2011,10,22,22,0,0,1,0,7,8,0,0,0,0,8,,Sporadic
Pakistan,Eastern Mediterranean Region of WHO,Southern Asia,2011,42,17-10-2011,23-10-2011,10,48,48,0,4,2,0,17,23,0,0,3,3,26,,Sporadic
Pakistan,Eastern Mediterranean Region of WHO,Southern Asia,2011,43,24-10-2011,30-10-2011,10,82,82,0,18,0,0,7,25,0,0,0,0,25,,Local Outbreak
Pakistan,Eastern Mediterranean Region of WHO,Southern Asia,2011,44,31-10-2011,06-11-2011,11,79,79,0,22,1,0,16,39,0,0,2,2,41,,Local Outbreak
Pakistan,Eastern Mediterranean Region of WHO,Southern Asia,2011,45,07-11-2011,13-11-2011,11,9,9,0,1,0,0,2,3,0,0,0,0,3,,Sporadic
Pakistan,Eastern Mediterranean Region of WHO,Southern Asia,2011,46,14-11-2011,20-11-2011,11,41,41,0,7,0,0,4,11,0,0,1,1,12,,Sporadic
Pakistan,Eastern Mediterranean Region of WHO,Southern Asia,2011,47,21-11-2011,27-11-2011,11,47,47,0,11,0,0,0,11,0,0,1,1,12,,Sporadic
Pakistan,Eastern Mediterranean Region of WHO,Southern Asia,2011,48,28-11-2011,04-12-2011,12,19,19,0,4,1,0,0,5,0,0,0,0,5,,Sporadic
Pakistan,Eastern Mediterranean Region of WHO,Southern Asia,2011,49,05-12-2011,11-12-2011,12,40,40,0,4,0,0,0,4,0,0,0,0,4,,Sporadic
Pakistan,Eastern Mediterranean Region of WHO,Southern Asia,2011,50,12-12-2011,18-12-2011,12,31,31,0,1,1,0,3,5,0,0,0,0,5,,Sporadic
Pakistan,Eastern Mediterranean Region of WHO,Southern Asia,2011,51,19-12-2011,25-12-2011,12,54,54,0,12,1,0,6,19,0,0,1,1,20,,Sporadic
Pakistan,Eastern Mediterranean Region of WHO,Southern Asia,2011,52,26-12-2011,01-01-2012,1,69,69,0,5,2,0,8,15,0,0,6,6,21,,Local Outbreak
Pakistan,Eastern Mediterranean Region of WHO,Southern Asia,2012,1,02-01-2012,08-01-2012,1,27,27,0,2,3,0,2,7,1,1,3,5,12,,Sporadic
Pakistan,Eastern Mediterranean Region of WHO,Southern Asia,2012,2,09-01-2012,15-01-2012,1,68,68,0,9,4,0,5,18,0,0,6,6,24,,Local Outbreak
Pakistan,Eastern Mediterranean Region of WHO,Southern Asia,2012,3,16-01-2012,22-01-2012,1,28,28,0,0,0,0,0,0,0,0,3,3,3,,Sporadic
Pakistan,Eastern Mediterranean Region of WHO,Southern Asia,2012,4,23-01-2012,29-01-2012,1,33,33,0,0,0,0,0,0,0,0,10,10,10,,Sporadic
Pakistan,Eastern Mediterranean Region of WHO,Southern Asia,2012,5,30-01-2012,05-02-2012,2,46,46,0,0,7,0,0,7,0,0,1,1,8,,Sporadic
Pakistan,Eastern Mediterranean Region of WHO,Southern Asia,2012,6,06-02-2012,12-02-2012,2,26,26,0,0,0,0,0,0,0,0,0,0,0,,No Activity
Pakistan,Eastern Mediterranean Region of WHO,Southern Asia,2012,7,13-02-2012,19-02-2012,2,56,56,0,4,7,0,0,11,0,0,3,3,14,,Sporadic
Pakistan,Eastern Mediterranean Region of WHO,Southern Asia,2012,8,20-02-2012,26-02-2012,2,34,34,0,1,22,0,0,23,0,0,0,0,23,,Local Outbreak
Pakistan,Eastern Mediterranean Region of WHO,Southern Asia,2012,9,27-02-2012,04-03-2012,3,66,66,0,0,11,0,0,11,0,0,1,1,12,,Sporadic
Pakistan,Eastern Mediterranean Region of WHO,Southern Asia,2012,10,05-03-2012,11-03-2012,3,38,38,0,0,4,0,1,5,0,0,0,0,5,,Sporadic
Pakistan,Eastern Mediterranean Region of WHO,Southern Asia,2012,11,12-03-2012,18-03-2012,3,42,42,0,0,5,0,1,6,0,0,11,11,17,,Sporadic
Pakistan,Eastern Mediterranean Region of WHO,Southern Asia,2012,12,19-03-2012,25-03-2012,3,29,29,0,0,2,0,1,3,0,0,1,1,4,,Sporadic
Pakistan,Eastern Mediterranean Region of WHO,Southern Asia,2012,13,26-03-2012,01-04-2012,4,41,41,0,0,6,0,2,8,0,0,2,2,10,,Sporadic
Pakistan,Eastern Mediterranean Region of WHO,Southern Asia,2012,14,02-04-2012,08-04-2012,4,31,31,0,0,2,0,3,5,0,0,1,1,6,,Sporadic
Pakistan,Eastern Mediterranean Region of WHO,Southern Asia,2012,15,09-04-2012,15-04-2012,4,18,18,0,0,8,0,0,8,0,0,2,2,10,,Sporadic
Pakistan,Eastern Mediterranean Region of WHO,Southern Asia,2012,16,16-04-2012,22-04-2012,4,17,17,0,0,3,0,0,3,0,0,1,1,4,,Sporadic
Pakistan,Eastern Mediterranean Region of WHO,Southern Asia,2012,17,23-04-2012,29-04-2012,4,29,29,0,0,3,0,0,3,0,0,2,2,5,,Sporadic
Pakistan,Eastern Mediterranean Region of WHO,Southern Asia,2012,18,30-04-2012,06-05-2012,5,12,12,0,0,2,0,1,3,0,0,0,0,3,,Sporadic
Pakistan,Eastern Mediterranean Region of WHO,Southern Asia,2012,19,07-05-2012,13-05-2012,5,17,17,0,0,0,0,0,0,0,0,0,0,0,,No Activity
Pakistan,Eastern Mediterranean Region of WHO,Southern Asia,2012,20,14-05-2012,20-05-2012,5,21,21,0,0,0,0,0,0,0,0,1,1,1,,Sporadic
Pakistan,Eastern Mediterranean Region of WHO,Southern Asia,2012,21,21-05-2012,27-05-2012,5,26,26,0,0,0,0,0,0,0,0,0,0,0,,No Activity
Pakistan,Eastern Mediterranean Region of WHO,Southern Asia,2012,22,28-05-2012,03-06-2012,6,18,18,0,0,0,0,0,0,0,0,0,0,0,,No Activity
Pakistan,Eastern Mediterranean Region of WHO,Southern Asia,2012,23,04-06-2012,10-06-2012,6,71,71,0,0,2,0,0,2,0,0,1,1,3,,Sporadic
Pakistan,Eastern Mediterranean Region of WHO,Southern Asia,2012,24,11-06-2012,17-06-2012,6,70,70,0,0,0,0,2,2,0,0,1,1,3,,Sporadic
Pakistan,Eastern Mediterranean Region of WHO,Southern Asia,2012,25,18-06-2012,24-06-2012,6,56,56,0,0,1,0,2,3,0,0,1,1,4,,Sporadic
Pakistan,Eastern Mediterranean Region of WHO,Southern Asia,2012,26,25-06-2012,01-07-2012,7,48,48,0,0,0,0,0,0,0,0,0,0,0,,No Activity
Pakistan,Eastern Mediterranean Region of WHO,Southern Asia,2012,27,02-07-2012,08-07-2012,7,28,28,0,0,0,0,0,0,0,0,0,0,0,,No Activity
Pakistan,Eastern Mediterranean Region of WHO,Southern Asia,2012,28,09-07-2012,15-07-2012,7,15,15,0,0,0,0,0,0,0,0,0,0,0,,No Activity
Pakistan,Eastern Mediterranean Region of WHO,Southern Asia,2012,29,16-07-2012,22-07-2012,7,22,22,0,0,0,0,0,0,0,0,0,0,0,,No Activity
Pakistan,Eastern Mediterranean Region of WHO,Southern Asia,2012,30,23-07-2012,29-07-2012,7,10,10,0,0,0,0,0,0,0,0,0,0,0,,No Activity
Pakistan,Eastern Mediterranean Region of WHO,Southern Asia,2012,31,30-07-2012,05-08-2012,8,4,4,0,0,0,0,0,0,0,0,0,0,0,,No Activity
Pakistan,Eastern Mediterranean Region of WHO,Southern Asia,2012,32,06-08-2012,12-08-2012,8,25,25,0,0,0,0,0,0,0,0,0,0,0,,No Activity
Pakistan,Eastern Mediterranean Region of WHO,Southern Asia,2012,33,13-08-2012,19-08-2012,8,13,13,0,0,0,0,0,0,0,0,0,0,0,,No Activity
Pakistan,Eastern Mediterranean Region of WHO,Southern Asia,2012,34,20-08-2012,26-08-2012,8,1,1,0,0,0,0,0,0,0,0,0,0,0,,No Activity
Pakistan,Eastern Mediterranean Region of WHO,Southern Asia,2012,35,27-08-2012,02-09-2012,9,32,32,0,0,1,0,0,1,0,0,0,0,1,,Sporadic
Pakistan,Eastern Mediterranean Region of WHO,Southern Asia,2012,36,03-09-2012,09-09-2012,9,13,13,0,0,1,0,0,1,0,0,0,0,1,,Sporadic
Pakistan,Eastern Mediterranean Region of WHO,Southern Asia,2012,37,10-09-2012,16-09-2012,9,54,54,0,0,5,0,0,5,0,0,0,0,5,,Sporadic
Pakistan,Eastern Mediterranean Region of WHO,Southern Asia,2012,38,17-09-2012,23-09-2012,9,103,103,0,0,6,0,0,6,0,0,0,0,6,,Sporadic
Pakistan,Eastern Mediterranean Region of WHO,Southern Asia,2012,39,24-09-2012,30-09-2012,9,57,57,0,0,3,0,0,3,0,0,0,0,3,,Sporadic
Pakistan,Eastern Mediterranean Region of WHO,Southern Asia,2012,40,01-10-2012,07-10-2012,10,63,63,0,0,4,0,1,5,0,0,0,0,5,,Sporadic
Pakistan,Eastern Mediterranean Region of WHO,Southern Asia,2012,41,08-10-2012,14-10-2012,10,22,22,0,0,2,0,0,2,0,0,0,0,2,,Sporadic
Pakistan,Eastern Mediterranean Region of WHO,Southern Asia,2012,42,15-10-2012,21-10-2012,10,20,20,0,0,0,0,0,0,0,0,0,0,0,,No Activity
Pakistan,Eastern Mediterranean Region of WHO,Southern Asia,2012,43,22-10-2012,28-10-2012,10,13,13,0,0,2,0,0,2,0,0,0,0,2,,Sporadic
Pakistan,Eastern Mediterranean Region of WHO,Southern Asia,2012,44,29-10-2012,04-11-2012,11,44,44,0,0,2,0,0,2,0,0,0,0,2,,Sporadic
Pakistan,Eastern Mediterranean Region of WHO,Southern Asia,2012,45,05-11-2012,11-11-2012,11,10,10,0,0,2,0,0,2,0,0,0,0,2,,Sporadic
Pakistan,Eastern Mediterranean Region of WHO,Southern Asia,2012,46,12-11-2012,18-11-2012,11,26,26,0,0,2,0,0,2,0,0,1,1,3,,Sporadic
Pakistan,Eastern Mediterranean Region of WHO,Southern Asia,2012,47,19-11-2012,25-11-2012,11,18,18,0,0,2,0,0,2,0,0,0,0,2,,Sporadic
Pakistan,Eastern Mediterranean Region of WHO,Southern Asia,2012,48,26-11-2012,02-12-2012,12,26,26,0,0,3,0,0,3,0,0,0,0,3,,Sporadic
Pakistan,Eastern Mediterranean Region of WHO,Southern Asia,2012,49,03-12-2012,09-12-2012,12,22,22,0,0,6,0,0,6,0,0,0,0,6,,Sporadic
Pakistan,Eastern Mediterranean Region of WHO,Southern Asia,2012,50,10-12-2012,16-12-2012,12,33,33,0,0,4,0,0,4,0,0,4,4,8,,Sporadic
Pakistan,Eastern Mediterranean Region of WHO,Southern Asia,2012,51,17-12-2012,23-12-2012,12,33,33,0,2,7,0,0,9,0,0,2,2,11,,Sporadic
Pakistan,Eastern Mediterranean Region of WHO,Southern Asia,2012,52,24-12-2012,30-12-2012,12,60,60,0,0,6,0,0,6,0,0,2,2,8,,Sporadic
Pakistan,Eastern Mediterranean Region of WHO,Southern Asia,2013,1,31-12-2012,06-01-2013,1,63,63,0,0,5,0,1,6,0,16,5,21,27,,Sporadic
Pakistan,Eastern Mediterranean Region of WHO,Southern Asia,2013,2,07-01-2013,13-01-2013,1,41,41,0,0,5,0,0,5,0,3,0,3,8,,Sporadic
Pakistan,Eastern Mediterranean Region of WHO,Southern Asia,2013,3,14-01-2013,20-01-2013,1,42,42,0,2,0,0,0,2,0,4,1,5,7,,Sporadic
Pakistan,Eastern Mediterranean Region of WHO,Southern Asia,2013,4,21-01-2013,27-01-2013,1,53,53,0,2,0,0,0,2,1,4,0,5,7,,Sporadic
Pakistan,Eastern Mediterranean Region of WHO,Southern Asia,2013,5,28-01-2013,03-02-2013,2,78,78,0,4,1,0,1,6,0,8,0,8,14,,Sporadic
Pakistan,Eastern Mediterranean Region of WHO,Southern Asia,2013,6,04-02-2013,10-02-2013,2,99,99,0,0,1,0,1,2,1,1,0,2,4,,Sporadic
Pakistan,Eastern Mediterranean Region of WHO,Southern Asia,2013,7,11-02-2013,17-02-2013,2,68,68,0,5,0,0,2,7,4,0,0,4,11,,Sporadic
Pakistan,Eastern Mediterranean Region of WHO,Southern Asia,2013,8,18-02-2013,24-02-2013,2,36,36,0,0,0,0,0,0,3,2,0,5,5,,Sporadic
Pakistan,Eastern Mediterranean Region of WHO,Southern Asia,2013,9,25-02-2013,03-03-2013,3,46,46,0,1,1,0,0,2,3,2,1,6,8,,Sporadic
Pakistan,Eastern Mediterranean Region of WHO,Southern Asia,2013,10,04-03-2013,10-03-2013,3,52,52,0,0,0,0,1,1,0,1,3,4,5,,Sporadic
Pakistan,Eastern Mediterranean Region of WHO,Southern Asia,2013,11,11-03-2013,17-03-2013,3,84,84,0,8,1,0,0,9,4,0,0,4,13,,Sporadic
Pakistan,Eastern Mediterranean Region of WHO,Southern Asia,2013,12,18-03-2013,24-03-2013,3,69,69,0,3,0,0,0,3,0,1,3,4,7,,Sporadic
Pakistan,Eastern Mediterranean Region of WHO,Southern Asia,2013,13,25-03-2013,31-03-2013,3,59,59,0,0,1,0,0,1,2,0,1,3,4,,Sporadic
Pakistan,Eastern Mediterranean Region of WHO,Southern Asia,2013,14,01-04-2013,07-04-2013,4,51,51,0,1,1,0,0,2,4,1,0,5,7,,Sporadic
Pakistan,Eastern Mediterranean Region of WHO,Southern Asia,2013,15,08-04-2013,14-04-2013,4,40,40,0,1,0,0,0,1,1,1,0,2,3,,Sporadic
Pakistan,Eastern Mediterranean Region of WHO,Southern Asia,2013,16,15-04-2013,21-04-2013,4,71,71,0,0,0,0,0,0,1,1,1,3,3,,Sporadic
Pakistan,Eastern Mediterranean Region of WHO,Southern Asia,2013,17,22-04-2013,28-04-2013,4,60,60,0,0,0,0,0,0,3,1,0,4,4,,Sporadic
Pakistan,Eastern Mediterranean Region of WHO,Southern Asia,2013,18,29-04-2013,05-05-2013,5,42,42,0,0,0,0,1,1,3,0,0,3,4,,Sporadic
Pakistan,Eastern Mediterranean Region of WHO,Southern Asia,2013,19,06-05-2013,12-05-2013,5,30,30,0,1,0,0,0,1,2,1,0,3,4,,Sporadic
Pakistan,Eastern Mediterranean Region of WHO,Southern Asia,2013,20,13-05-2013,19-05-2013,5,38,38,0,0,0,0,0,0,1,0,0,1,1,,No Activity
Pakistan,Eastern Mediterranean Region of WHO,Southern Asia,2013,21,20-05-2013,26-05-2013,5,36,36,0,0,0,0,0,0,0,0,0,0,0,,No Activity
Pakistan,Eastern Mediterranean Region of WHO,Southern Asia,2013,22,27-05-2013,02-06-2013,6,34,34,0,0,1,0,0,1,2,0,0,2,3,,No Activity
Pakistan,Eastern Mediterranean Region of WHO,Southern Asia,2013,23,03-06-2013,09-06-2013,6,22,22,0,0,0,0,0,0,1,0,0,1,1,,No Activity
Pakistan,Eastern Mediterranean Region of WHO,Southern Asia,2013,24,10-06-2013,16-06-2013,6,6,6,0,0,0,0,0,0,0,0,0,0,0,,No Activity
Pakistan,Eastern Mediterranean Region of WHO,Southern Asia,2013,25,17-06-2013,23-06-2013,6,11,11,0,0,0,0,0,0,2,0,0,2,2,,Sporadic
Pakistan,Eastern Mediterranean Region of WHO,Southern Asia,2013,26,24-06-2013,30-06-2013,6,7,7,0,0,0,0,0,0,0,0,0,0,0,,No Activity
Pakistan,Eastern Mediterranean Region of WHO,Southern Asia,2013,27,01-07-2013,07-07-2013,7,3,3,0,0,0,0,0,0,0,0,0,0,0,,No Activity
Pakistan,Eastern Mediterranean Region of WHO,Southern Asia,2013,28,08-07-2013,14-07-2013,7,18,18,0,0,0,0,0,0,0,0,0,0,0,,No Activity
Pakistan,Eastern Mediterranean Region of WHO,Southern Asia,2013,29,15-07-2013,21-07-2013,7,22,22,0,0,0,0,0,0,0,0,0,0,0,,No Activity
Pakistan,Eastern Mediterranean Region of WHO,Southern Asia,2013,30,22-07-2013,28-07-2013,7,18,18,0,0,0,0,0,0,0,0,0,0,0,,No Activity
Pakistan,Eastern Mediterranean Region of WHO,Southern Asia,2013,31,29-07-2013,04-08-2013,8,11,11,0,0,0,0,0,0,0,0,0,0,0,,No Activity
Pakistan,Eastern Mediterranean Region of WHO,Southern Asia,2013,32,05-08-2013,11-08-2013,8,7,7,0,0,0,0,0,0,0,0,0,0,0,,No Activity
Pakistan,Eastern Mediterranean Region of WHO,Southern Asia,2013,33,12-08-2013,18-08-2013,8,23,23,0,0,0,0,0,0,0,0,0,0,0,,No Activity
Pakistan,Eastern Mediterranean Region of WHO,Southern Asia,2013,34,19-08-2013,25-08-2013,8,26,26,0,0,0,0,0,0,1,0,0,1,1,,Sporadic
Pakistan,Eastern Mediterranean Region of WHO,Southern Asia,2013,35,26-08-2013,01-09-2013,9,45,45,0,0,1,0,0,1,0,2,0,2,3,,Sporadic
Pakistan,Eastern Mediterranean Region of WHO,Southern Asia,2013,36,02-09-2013,08-09-2013,9,31,31,0,0,0,0,0,0,0,3,0,3,3,,Sporadic
Pakistan,Eastern Mediterranean Region of WHO,Southern Asia,2013,37,09-09-2013,15-09-2013,9,21,21,0,0,0,0,0,0,0,2,0,2,2,,Sporadic
Pakistan,Eastern Mediterranean Region of WHO,Southern Asia,2013,38,16-09-2013,22-09-2013,9,39,39,0,0,1,0,0,1,2,1,0,3,4,,Sporadic
Pakistan,Eastern Mediterranean Region of WHO,Southern Asia,2013,39,23-09-2013,29-09-2013,9,33,33,0,0,0,0,0,0,0,0,0,0,0,,No Activity
Pakistan,Eastern Mediterranean Region of WHO,Southern Asia,2013,40,30-09-2013,06-10-2013,10,32,32,0,0,0,0,0,0,0,1,0,1,1,,Sporadic
Pakistan,Eastern Mediterranean Region of WHO,Southern Asia,2013,41,07-10-2013,13-10-2013,10,25,25,0,0,0,0,0,0,0,5,0,5,5,,Sporadic
Pakistan,Eastern Mediterranean Region of WHO,Southern Asia,2013,42,14-10-2013,20-10-2013,10,12,12,0,0,0,0,0,0,0,0,0,0,0,,No Activity
Pakistan,Eastern Mediterranean Region of WHO,Southern Asia,2013,43,21-10-2013,27-10-2013,10,33,33,0,0,0,0,0,0,2,0,0,2,2,,Sporadic
Pakistan,Eastern Mediterranean Region of WHO,Southern Asia,2013,44,28-10-2013,03-11-2013,11,37,37,0,0,1,0,0,1,1,0,1,2,3,,Sporadic
Pakistan,Eastern Mediterranean Region of WHO,Southern Asia,2013,45,04-11-2013,10-11-2013,11,33,33,0,0,0,0,0,0,2,0,1,3,3,,Sporadic
Pakistan,Eastern Mediterranean Region of WHO,Southern Asia,2013,46,11-11-2013,17-11-2013,11,14,14,0,0,0,0,0,0,0,0,0,0,0,,No Activity
Pakistan,Eastern Mediterranean Region of WHO,Southern Asia,2013,47,18-11-2013,24-11-2013,11,39,39,0,0,0,0,0,0,3,0,0,3,3,,Sporadic
Pakistan,Eastern Mediterranean Region of WHO,Southern Asia,2013,48,25-11-2013,01-12-2013,12,50,50,0,0,0,0,0,0,6,0,1,7,7,,Sporadic
Pakistan,Eastern Mediterranean Region of WHO,Southern Asia,2013,49,02-12-2013,08-12-2013,12,39,39,0,0,0,0,0,0,0,0,1,1,1,,Sporadic
Pakistan,Eastern Mediterranean Region of WHO,Southern Asia,2013,50,09-12-2013,15-12-2013,12,68,68,0,0,0,0,0,0,1,4,1,6,6,,Sporadic
Pakistan,Eastern Mediterranean Region of WHO,Southern Asia,2013,51,16-12-2013,22-12-2013,12,37,37,0,0,0,0,0,0,0,0,0,0,0,,No Activity
Pakistan,Eastern Mediterranean Region of WHO,Southern Asia,2013,52,23-12-2013,29-12-2013,12,7,7,0,0,0,0,0,0,0,0,0,0,0,,No Activity
Pakistan,Eastern Mediterranean Region of WHO,Southern Asia,2014,1,30-12-2013,05-01-2014,1,51,51,0,0,0,0,0,0,0,0,1,1,1,,Sporadic
Pakistan,Eastern Mediterranean Region of WHO,Southern Asia,2014,2,06-01-2014,12-01-2014,1,135,135,0,1,5,0,0,6,0,0,12,12,18,,Sporadic
Pakistan,Eastern Mediterranean Region of WHO,Southern Asia,2014,3,13-01-2014,19-01-2014,1,74,74,0,3,2,0,0,5,0,0,10,10,15,,Sporadic
Pakistan,Eastern Mediterranean Region of WHO,Southern Asia,2014,4,20-01-2014,26-01-2014,1,101,101,0,2,5,0,0,7,0,0,9,9,16,,Sporadic
Pakistan,Eastern Mediterranean Region of WHO,Southern Asia,2014,5,27-01-2014,02-02-2014,2,89,89,0,6,5,0,0,11,0,0,10,10,21,,Sporadic
Pakistan,Eastern Mediterranean Region of WHO,Southern Asia,2014,6,03-02-2014,09-02-2014,2,97,97,0,5,2,0,0,7,0,0,6,6,13,,Sporadic
Pakistan,Eastern Mediterranean Region of WHO,Southern Asia,2014,7,10-02-2014,16-02-2014,2,116,116,0,8,8,0,0,16,0,0,15,15,31,,Sporadic
Pakistan,Eastern Mediterranean Region of WHO,Southern Asia,2014,8,17-02-2014,23-02-2014,2,85,85,0,8,11,0,0,19,0,0,2,2,21,,Sporadic
Pakistan,Eastern Mediterranean Region of WHO,Southern Asia,2014,9,24-02-2014,02-03-2014,3,88,88,0,13,2,0,0,15,0,0,3,3,18,,Sporadic
Pakistan,Eastern Mediterranean Region of WHO,Southern Asia,2014,10,03-03-2014,09-03-2014,3,51,51,0,11,2,0,0,13,0,0,3,3,16,,Sporadic
Pakistan,Eastern Mediterranean Region of WHO,Southern Asia,2014,11,10-03-2014,16-03-2014,3,41,41,0,4,3,0,0,7,0,0,3,3,10,,Sporadic
Pakistan,Eastern Mediterranean Region of WHO,Southern Asia,2014,12,17-03-2014,23-03-2014,3,47,47,0,7,0,0,0,7,0,0,7,7,14,,Sporadic
Pakistan,Eastern Mediterranean Region of WHO,Southern Asia,2014,13,24-03-2014,30-03-2014,3,20,20,0,3,0,0,0,3,0,0,0,0,3,,Sporadic
Pakistan,Eastern Mediterranean Region of WHO,Southern Asia,2014,14,31-03-2014,06-04-2014,4,36,36,0,5,0,0,0,5,0,0,0,0,5,,Sporadic
Pakistan,Eastern Mediterranean Region of WHO,Southern Asia,2014,15,07-04-2014,13-04-2014,4,44,44,0,5,0,0,0,5,0,0,0,0,5,,Sporadic
Pakistan,Eastern Mediterranean Region of WHO,Southern Asia,2014,16,14-04-2014,20-04-2014,4,23,23,0,1,0,0,0,1,0,0,0,0,1,,Sporadic
Pakistan,Eastern Mediterranean Region of WHO,Southern Asia,2014,17,21-04-2014,27-04-2014,4,16,16,0,1,0,0,0,1,0,0,0,0,1,,Sporadic
Pakistan,Eastern Mediterranean Region of WHO,Southern Asia,2014,18,28-04-2014,04-05-2014,5,4,4,0,0,0,0,0,0,0,0,0,0,0,,Sporadic
Pakistan,Eastern Mediterranean Region of WHO,Southern Asia,2014,19,05-05-2014,11-05-2014,5,6,6,0,0,0,0,0,0,0,0,0,0,0,,No Activity
Pakistan,Eastern Mediterranean Region of WHO,Southern Asia,2014,20,12-05-2014,18-05-2014,5,18,18,0,0,0,0,0,0,0,0,0,0,0,,No Activity
Pakistan,Eastern Mediterranean Region of WHO,Southern Asia,2014,21,19-05-2014,25-05-2014,5,6,6,0,0,0,0,0,0,0,0,0,0,0,,No Activity
Pakistan,Eastern Mediterranean Region of WHO,Southern Asia,2014,22,26-05-2014,01-06-2014,6,6,6,0,0,0,0,0,0,0,0,0,0,0,,No Activity
Pakistan,Eastern Mediterranean Region of WHO,Southern Asia,2014,23,02-06-2014,08-06-2014,6,5,5,0,0,0,0,0,0,0,0,0,0,0,,No Activity
Pakistan,Eastern Mediterranean Region of WHO,Southern Asia,2014,24,09-06-2014,15-06-2014,6,16,16,0,0,0,0,0,0,0,0,0,0,0,,No Activity
Pakistan,Eastern Mediterranean Region of WHO,Southern Asia,2014,25,16-06-2014,22-06-2014,6,22,22,0,0,0,0,0,0,0,0,0,0,0,,No Activity
Pakistan,Eastern Mediterranean Region of WHO,Southern Asia,2014,26,23-06-2014,29-06-2014,6,19,19,0,0,0,0,0,0,0,0,0,0,0,,No Activity
Pakistan,Eastern Mediterranean Region of WHO,Southern Asia,2014,27,30-06-2014,06-07-2014,7,16,16,0,0,0,0,0,0,0,0,0,0,0,,No Activity
Pakistan,Eastern Mediterranean Region of WHO,Southern Asia,2014,28,07-07-2014,13-07-2014,7,1,1,0,0,0,0,0,0,0,0,0,0,0,,No Activity
Pakistan,Eastern Mediterranean Region of WHO,Southern Asia,2014,29,14-07-2014,20-07-2014,7,1,1,0,0,0,0,0,0,0,0,0,0,0,,No Activity
Pakistan,Eastern Mediterranean Region of WHO,Southern Asia,2014,30,21-07-2014,27-07-2014,7,5,5,0,0,0,0,0,0,0,0,0,0,0,,No Activity
Pakistan,Eastern Mediterranean Region of WHO,Southern Asia,2014,31,28-07-2014,03-08-2014,8,1,1,0,0,0,0,0,0,0,0,0,0,0,,No Activity
Pakistan,Eastern Mediterranean Region of WHO,Southern Asia,2014,32,04-08-2014,10-08-2014,8,4,4,0,0,0,0,0,0,0,0,0,0,0,,No Activity
Pakistan,Eastern Mediterranean Region of WHO,Southern Asia,2014,33,11-08-2014,17-08-2014,8,12,12,0,0,0,0,0,0,0,0,0,0,0,,No Activity
Pakistan,Eastern Mediterranean Region of WHO,Southern Asia,2014,34,18-08-2014,24-08-2014,8,23,23,0,0,0,0,0,0,0,0,1,1,1,,Sporadic
Pakistan,Eastern Mediterranean Region of WHO,Southern Asia,2014,35,25-08-2014,31-08-2014,8,35,35,0,0,0,0,0,0,0,0,0,0,0,,No Activity
Pakistan,Eastern Mediterranean Region of WHO,Southern Asia,2014,36,01-09-2014,07-09-2014,9,28,28,0,0,0,0,0,0,0,0,1,1,1,,Sporadic
Pakistan,Eastern Mediterranean Region of WHO,Southern Asia,2014,37,08-09-2014,14-09-2014,9,37,37,0,0,0,0,0,0,0,0,3,3,3,,Sporadic
Pakistan,Eastern Mediterranean Region of WHO,Southern Asia,2014,38,15-09-2014,21-09-2014,9,31,31,0,0,0,0,0,0,0,0,0,0,0,,No Activity
Pakistan,Eastern Mediterranean Region of WHO,Southern Asia,2014,39,22-09-2014,28-09-2014,9,37,37,0,0,0,0,0,0,0,0,0,0,0,,No Activity
Pakistan,Eastern Mediterranean Region of WHO,Southern Asia,2014,40,29-09-2014,05-10-2014,10,32,32,0,0,0,0,0,0,0,0,0,0,0,,No Activity
Pakistan,Eastern Mediterranean Region of WHO,Southern Asia,2014,41,06-10-2014,12-10-2014,10,5,5,0,0,0,0,0,0,0,0,0,0,0,,No Activity
Pakistan,Eastern Mediterranean Region of WHO,Southern Asia,2014,42,13-10-2014,19-10-2014,10,14,14,0,0,0,0,0,0,0,0,0,0,0,,No Activity
Pakistan,Eastern Mediterranean Region of WHO,Southern Asia,2014,43,20-10-2014,26-10-2014,10,16,16,0,0,0,0,0,0,0,0,0,0,0,,No Activity
Pakistan,Eastern Mediterranean Region of WHO,Southern Asia,2014,44,27-10-2014,02-11-2014,11,16,16,0,0,0,0,0,0,0,0,0,0,0,,No Activity
Pakistan,Eastern Mediterranean Region of WHO,Southern Asia,2014,45,03-11-2014,09-11-2014,11,21,21,0,0,0,0,0,0,0,0,0,0,0,,No Activity
Pakistan,Eastern Mediterranean Region of WHO,Southern Asia,2014,46,10-11-2014,16-11-2014,11,46,46,0,0,0,0,0,0,0,0,0,0,0,,No Activity
Pakistan,Eastern Mediterranean Region of WHO,Southern Asia,2014,47,17-11-2014,23-11-2014,11,25,25,0,0,0,0,0,0,0,0,0,0,0,,No Activity
Pakistan,Eastern Mediterranean Region of WHO,Southern Asia,2014,48,24-11-2014,30-11-2014,11,29,29,0,0,1,0,0,1,0,0,0,0,1,,Sporadic
Pakistan,Eastern Mediterranean Region of WHO,Southern Asia,2014,49,01-12-2014,07-12-2014,12,6,6,0,0,0,0,0,0,0,0,0,0,0,,No Activity
Pakistan,Eastern Mediterranean Region of WHO,Southern Asia,2014,50,08-12-2014,14-12-2014,12,6,6,0,0,1,0,0,1,0,0,0,0,1,,Sporadic
Pakistan,Eastern Mediterranean Region of WHO,Southern Asia,2014,51,15-12-2014,21-12-2014,12,9,9,0,0,0,0,0,0,0,0,0,0,0,,No Activity
Pakistan,Eastern Mediterranean Region of WHO,Southern Asia,2015,2,05-01-2015,11-01-2015,1,61,61,0,1,2,0,0,3,0,0,2,2,5,,Sporadic
Pakistan,Eastern Mediterranean Region of WHO,Southern Asia,2015,3,12-01-2015,18-01-2015,1,79,79,1,2,1,0,0,4,0,0,2,2,6,,Sporadic
Pakistan,Eastern Mediterranean Region of WHO,Southern Asia,2015,4,19-01-2015,25-01-2015,1,62,62,0,0,1,0,0,1,0,0,0,0,1,,Sporadic
Pakistan,Eastern Mediterranean Region of WHO,Southern Asia,2015,5,26-01-2015,01-02-2015,2,89,89,0,0,6,0,0,6,0,0,1,1,7,,Sporadic
Pakistan,Eastern Mediterranean Region of WHO,Southern Asia,2015,6,02-02-2015,08-02-2015,2,59,59,0,0,0,0,0,0,0,0,0,0,0,,No Activity
Pakistan,Eastern Mediterranean Region of WHO,Southern Asia,2015,7,09-02-2015,15-02-2015,2,62,62,0,0,3,0,0,3,0,0,5,5,8,,Sporadic
Pakistan,Eastern Mediterranean Region of WHO,Southern Asia,2015,8,16-02-2015,22-02-2015,2,75,75,0,2,4,0,0,6,0,0,1,1,7,,Sporadic
Pakistan,Eastern Mediterranean Region of WHO,Southern Asia,2015,9,23-02-2015,01-03-2015,3,33,33,0,1,1,0,0,2,0,0,0,0,2,,No Activity
Pakistan,Eastern Mediterranean Region of WHO,Southern Asia,2015,10,02-03-2015,08-03-2015,3,62,62,0,2,1,0,0,3,0,0,1,1,4,,Sporadic
Pakistan,Eastern Mediterranean Region of WHO,Southern Asia,2015,11,09-03-2015,15-03-2015,3,47,47,0,4,2,0,0,6,0,0,3,3,9,,Sporadic
Pakistan,Eastern Mediterranean Region of WHO,Southern Asia,2015,12,16-03-2015,22-03-2015,3,14,14,0,0,4,0,0,4,0,0,0,0,4,,Sporadic
Pakistan,Eastern Mediterranean Region of WHO,Southern Asia,2015,13,23-03-2015,29-03-2015,3,33,33,0,1,0,0,0,1,0,0,1,1,2,,Sporadic
Pakistan,Eastern Mediterranean Region of WHO,Southern Asia,2015,14,30-03-2015,05-04-2015,4,36,36,0,4,3,0,0,7,0,0,0,0,7,,Sporadic
Pakistan,Eastern Mediterranean Region of WHO,Southern Asia,2015,15,06-04-2015,12-04-2015,4,30,30,0,1,0,0,0,1,0,0,0,0,1,,Sporadic
Pakistan,Eastern Mediterranean Region of WHO,Southern Asia,2015,16,13-04-2015,19-04-2015,4,21,21,0,3,0,0,0,3,0,0,1,1,4,,Sporadic
Pakistan,Eastern Mediterranean Region of WHO,Southern Asia,2015,17,20-04-2015,26-04-2015,4,34,34,0,0,1,0,0,1,0,0,0,0,1,,Sporadic
Pakistan,Eastern Mediterranean Region of WHO,Southern Asia,2015,18,27-04-2015,03-05-2015,5,18,18,0,0,0,0,0,0,0,0,0,0,0,,No Activity
Pakistan,Eastern Mediterranean Region of WHO,Southern Asia,2015,19,04-05-2015,10-05-2015,5,16,16,0,0,0,0,0,0,0,0,0,0,0,,No Activity
Pakistan,Eastern Mediterranean Region of WHO,Southern Asia,2015,20,11-05-2015,17-05-2015,5,14,14,0,0,0,0,0,0,0,0,0,0,0,,No Activity
Pakistan,Eastern Mediterranean Region of WHO,Southern Asia,2015,21,18-05-2015,24-05-2015,5,13,13,0,0,0,0,0,0,0,0,0,0,0,,No Activity
Pakistan,Eastern Mediterranean Region of WHO,Southern Asia,2015,22,25-05-2015,31-05-2015,5,1,1,0,0,0,0,0,0,0,0,0,0,0,,No Activity
Pakistan,Eastern Mediterranean Region of WHO,Southern Asia,2015,23,01-06-2015,07-06-2015,6,3,3,0,0,0,0,0,0,0,0,0,0,0,,No Activity
Pakistan,Eastern Mediterranean Region of WHO,Southern Asia,2015,24,08-06-2015,14-06-2015,6,7,7,0,0,0,0,0,0,0,0,0,0,0,,No Activity
Pakistan,Eastern Mediterranean Region of WHO,Southern Asia,2015,25,15-06-2015,21-06-2015,6,2,2,0,0,0,0,0,0,0,0,0,0,0,,No Activity
Pakistan,Eastern Mediterranean Region of WHO,Southern Asia,2015,26,22-06-2015,28-06-2015,6,3,3,0,0,0,0,0,0,0,0,0,0,0,,No Activity
Pakistan,Eastern Mediterranean Region of WHO,Southern Asia,2015,27,29-06-2015,05-07-2015,7,4,4,0,0,0,0,0,0,0,0,0,0,0,,No Activity
Pakistan,Eastern Mediterranean Region of WHO,Southern Asia,2015,28,06-07-2015,12-07-2015,7,2,2,0,0,0,0,0,0,0,0,0,0,0,,No Activity
Pakistan,Eastern Mediterranean Region of WHO,Southern Asia,2015,29,13-07-2015,19-07-2015,7,2,2,0,0,0,0,0,0,0,0,0,0,0,,No Activity
Pakistan,Eastern Mediterranean Region of WHO,Southern Asia,2015,30,20-07-2015,26-07-2015,7,2,2,0,0,0,0,0,0,0,0,0,0,0,,No Activity
Pakistan,Eastern Mediterranean Region of WHO,Southern Asia,2015,31,27-07-2015,02-08-2015,8,3,3,0,0,0,0,0,0,0,0,0,0,0,,No Activity
Pakistan,Eastern Mediterranean Region of WHO,Southern Asia,2015,32,03-08-2015,09-08-2015,8,2,2,0,0,0,0,0,0,0,0,0,0,0,,No Activity
Pakistan,Eastern Mediterranean Region of WHO,Southern Asia,2015,44,26-10-2015,01-11-2015,11,8,8,0,0,0,0,0,0,0,0,0,0,0,,No Activity
Pakistan,Eastern Mediterranean Region of WHO,Southern Asia,2015,45,02-11-2015,08-11-2015,11,12,12,0,0,0,0,0,0,0,0,0,0,0,,No Report
Pakistan,Eastern Mediterranean Region of WHO,Southern Asia,2015,46,09-11-2015,15-11-2015,11,40,40,0,1,0,0,0,1,0,0,1,1,2,,Sporadic
Pakistan,Eastern Mediterranean Region of WHO,Southern Asia,2015,47,16-11-2015,22-11-2015,11,14,14,0,2,0,0,0,2,0,0,1,1,3,,Sporadic
Pakistan,Eastern Mediterranean Region of WHO,Southern Asia,2015,48,23-11-2015,29-11-2015,11,59,59,0,4,0,0,0,4,0,0,1,1,5,,Local Outbreak
Pakistan,Eastern Mediterranean Region of WHO,Southern Asia,2015,49,30-11-2015,06-12-2015,12,27,27,0,9,0,0,0,9,0,0,4,4,13,,Regional Outbreak
Pakistan,Eastern Mediterranean Region of WHO,Southern Asia,2015,50,07-12-2015,13-12-2015,12,34,34,0,18,0,0,0,18,0,0,5,5,23,,Regional Outbreak
Pakistan,Eastern Mediterranean Region of WHO,Southern Asia,2015,51,14-12-2015,20-12-2015,12,47,47,0,16,0,0,0,16,0,0,0,0,16,,Sporadic
Pakistan,Eastern Mediterranean Region of WHO,Southern Asia,2015,52,21-12-2015,27-12-2015,12,48,48,0,3,0,0,0,3,0,0,0,0,3,,Sporadic
Pakistan,Eastern Mediterranean Region of WHO,Southern Asia,2015,53,28-12-2015,03-01-2016,1,51,51,0,10,0,0,0,10,0,0,0,0,10,,Sporadic
Pakistan,Eastern Mediterranean Region of WHO,Southern Asia,2016,1,04-01-2016,10-01-2016,1,143,143,0,36,0,0,0,36,0,0,0,0,36,,Regional Outbreak
Pakistan,Eastern Mediterranean Region of WHO,Southern Asia,2016,2,11-01-2016,17-01-2016,1,180,180,0,60,10,0,0,70,1,0,0,1,71,,Regional Outbreak
Pakistan,Eastern Mediterranean Region of WHO,Southern Asia,2016,3,18-01-2016,24-01-2016,1,248,248,0,44,17,0,0,61,8,0,0,8,69,,Local Outbreak
Pakistan,Eastern Mediterranean Region of WHO,Southern Asia,2016,4,25-01-2016,31-01-2016,1,242,242,0,40,26,0,0,66,7,0,0,7,73,,Local Outbreak
Pakistan,Eastern Mediterranean Region of WHO,Southern Asia,2016,5,01-02-2016,07-02-2016,2,218,218,0,25,17,0,0,42,0,0,14,14,56,,Local Outbreak
Pakistan,Eastern Mediterranean Region of WHO,Southern Asia,2016,6,08-02-2016,14-02-2016,2,37,37,0,5,1,0,0,6,0,0,5,5,11,,Sporadic
Pakistan,Eastern Mediterranean Region of WHO,Southern Asia,2016,7,15-02-2016,21-02-2016,2,41,41,0,4,5,0,0,9,0,0,2,2,11,,Sporadic
Pakistan,Eastern Mediterranean Region of WHO,Southern Asia,2016,8,22-02-2016,28-02-2016,2,65,65,0,10,1,0,0,11,0,0,9,9,20,,Sporadic
Pakistan,Eastern Mediterranean Region of WHO,Southern Asia,2016,9,29-02-2016,06-03-2016,3,34,34,0,1,3,0,0,4,0,0,0,0,4,,Sporadic
Pakistan,Eastern Mediterranean Region of WHO,Southern Asia,2016,10,07-03-2016,13-03-2016,3,27,27,0,1,0,0,0,1,0,0,1,1,2,,Sporadic
Pakistan,Eastern Mediterranean Region of WHO,Southern Asia,2016,11,14-03-2016,20-03-2016,3,20,20,0,0,0,0,0,0,0,0,2,2,2,,Sporadic
Pakistan,Eastern Mediterranean Region of WHO,Southern Asia,2016,12,21-03-2016,27-03-2016,3,30,30,0,0,2,0,0,2,0,0,1,1,3,,Sporadic
Pakistan,Eastern Mediterranean Region of WHO,Southern Asia,2016,13,28-03-2016,03-04-2016,4,17,17,0,0,0,0,0,0,0,0,0,0,0,,No Activity
Pakistan,Eastern Mediterranean Region of WHO,Southern Asia,2016,14,04-04-2016,10-04-2016,4,10,10,0,0,0,0,0,0,0,0,0,0,0,,No Activity
Pakistan,Eastern Mediterranean Region of WHO,Southern Asia,2016,15,11-04-2016,17-04-2016,4,24,24,0,1,0,0,0,1,0,0,1,1,2,,Sporadic
Pakistan,Eastern Mediterranean Region of WHO,Southern Asia,2016,16,18-04-2016,24-04-2016,4,37,37,0,1,0,0,0,1,0,0,1,1,2,,Sporadic
Pakistan,Eastern Mediterranean Region of WHO,Southern Asia,2016,17,25-04-2016,01-05-2016,5,24,24,0,0,0,0,0,0,0,0,2,2,2,,Sporadic
Pakistan,Eastern Mediterranean Region of WHO,Southern Asia,2016,18,02-05-2016,08-05-2016,5,19,19,0,0,0,0,0,0,0,0,0,0,0,,No Activity
Pakistan,Eastern Mediterranean Region of WHO,Southern Asia,2016,20,16-05-2016,22-05-2016,5,15,15,0,0,0,0,0,0,0,0,1,1,1,,Sporadic
Pakistan,Eastern Mediterranean Region of WHO,Southern Asia,2016,21,23-05-2016,29-05-2016,5,3,3,0,0,0,0,0,0,0,0,0,0,0,,No Activity
Pakistan,Eastern Mediterranean Region of WHO,Southern Asia,2016,22,30-05-2016,05-06-2016,6,1,1,0,0,0,0,0,0,0,0,0,0,0,,No Activity
Pakistan,Eastern Mediterranean Region of WHO,Southern Asia,2016,23,06-06-2016,12-06-2016,6,3,3,0,0,0,0,0,0,0,0,0,0,0,,No Activity
Pakistan,Eastern Mediterranean Region of WHO,Southern Asia,2016,24,13-06-2016,19-06-2016,6,9,9,,0,0,0,0,0,0,0,0,0,0,9,No Activity
Pakistan,Eastern Mediterranean Region of WHO,Southern Asia,2016,26,27-06-2016,03-07-2016,7,10,10,,0,2,0,0,2,0,0,0,0,2,8,Sporadic
Pakistan,Eastern Mediterranean Region of WHO,Southern Asia,2016,27,04-07-2016,10-07-2016,7,6,6,,0,0,0,0,0,0,0,0,0,0,6,No Activity
Pakistan,Eastern Mediterranean Region of WHO,Southern Asia,2016,29,18-07-2016,24-07-2016,7,14,14,,0,1,0,0,1,0,0,0,0,1,13,Sporadic
Pakistan,Eastern Mediterranean Region of WHO,Southern Asia,2016,31,01-08-2016,07-08-2016,8,9,9,,0,0,0,0,0,0,0,0,0,0,9,No Activity
Pakistan,Eastern Mediterranean Region of WHO,Southern Asia,2016,32,08-08-2016,14-08-2016,8,9,9,,0,0,0,0,0,0,0,0,0,0,9,No Activity
Pakistan,Eastern Mediterranean Region of WHO,Southern Asia,2016,33,15-08-2016,21-08-2016,8,11,11,,0,1,0,0,1,0,0,0,0,1,10,Sporadic
Pakistan,Eastern Mediterranean Region of WHO,Southern Asia,2016,34,22-08-2016,28-08-2016,8,42,42,,0,0,0,0,0,0,0,0,0,0,42,No Activity
Pakistan,Eastern Mediterranean Region of WHO,Southern Asia,2016,35,29-08-2016,04-09-2016,9,22,22,,0,1,0,0,1,0,0,0,0,1,,Sporadic
Pakistan,Eastern Mediterranean Region of WHO,Southern Asia,2016,36,05-09-2016,11-09-2016,9,15,15,,0,4,0,0,4,0,0,0,0,4,11,Sporadic
Pakistan,Eastern Mediterranean Region of WHO,Southern Asia,2016,37,12-09-2016,18-09-2016,9,7,7,,0,4,0,0,4,0,0,0,0,4,3,Sporadic
Pakistan,Eastern Mediterranean Region of WHO,Southern Asia,2016,38,19-09-2016,25-09-2016,9,12,12,,0,2,0,0,2,0,0,0,0,2,10,Sporadic
Pakistan,Eastern Mediterranean Region of WHO,Southern Asia,2016,39,26-09-2016,02-10-2016,10,31,31,,0,0,0,0,0,0,0,0,0,0,31,No Activity
Pakistan,Eastern Mediterranean Region of WHO,Southern Asia,2016,40,03-10-2016,09-10-2016,10,6,6,,0,0,0,0,0,0,0,0,0,0,6,No Activity
Pakistan,Eastern Mediterranean Region of WHO,Southern Asia,2016,41,10-10-2016,16-10-2016,10,14,14,,0,2,0,0,2,0,0,0,0,2,12,Sporadic
Pakistan,Eastern Mediterranean Region of WHO,Southern Asia,2016,42,17-10-2016,23-10-2016,10,15,15,,0,2,0,0,2,0,0,0,0,2,13,Sporadic
Pakistan,Eastern Mediterranean Region of WHO,Southern Asia,2016,43,24-10-2016,30-10-2016,10,24,24,,2,0,0,0,2,0,0,2,2,4,20,Sporadic
Pakistan,Eastern Mediterranean Region of WHO,Southern Asia,2016,44,31-10-2016,06-11-2016,11,1,1,,0,0,0,0,0,0,0,0,0,0,1,No Activity
Pakistan,Eastern Mediterranean Region of WHO,Southern Asia,2016,45,07-11-2016,13-11-2016,11,9,9,,0,0,0,0,0,0,0,0,0,0,1,No Activity
Pakistan,Eastern Mediterranean Region of WHO,Southern Asia,2016,46,14-11-2016,20-11-2016,11,15,15,,0,0,0,0,0,0,0,1,1,1,14,Sporadic
Pakistan,Eastern Mediterranean Region of WHO,Southern Asia,2016,47,21-11-2016,27-11-2016,11,8,8,,0,0,0,0,0,0,0,0,0,0,8,No Activity
Pakistan,Eastern Mediterranean Region of WHO,Southern Asia,2016,48,28-11-2016,04-12-2016,12,17,17,,0,0,0,0,0,0,0,6,6,6,11,Sporadic
Pakistan,Eastern Mediterranean Region of WHO,Southern Asia,2016,49,05-12-2016,11-12-2016,12,8,8,,0,0,0,0,0,0,0,5,5,5,3,Sporadic
Pakistan,Eastern Mediterranean Region of WHO,Southern Asia,2016,50,12-12-2016,18-12-2016,12,20,20,,0,0,0,0,0,0,0,1,1,1,19,Sporadic
Pakistan,Eastern Mediterranean Region of WHO,Southern Asia,2016,51,19-12-2016,25-12-2016,12,18,18,,0,1,0,0,1,0,0,3,3,4,14,Sporadic
Pakistan,Eastern Mediterranean Region of WHO,Southern Asia,2016,52,26-12-2016,01-01-2017,1,6,6,,0,0,0,0,0,0,0,1,1,1,5,Sporadic
Pakistan,Eastern Mediterranean Region of WHO,Southern Asia,2017,1,02-01-2017,08-01-2017,1,21,21,,0,1,0,0,1,0,0,4,4,5,16,Sporadic
Pakistan,Eastern Mediterranean Region of WHO,Southern Asia,2017,2,09-01-2017,15-01-2017,1,7,7,,0,0,0,0,0,0,0,1,1,1,6,Sporadic
Pakistan,Eastern Mediterranean Region of WHO,Southern Asia,2017,3,16-01-2017,22-01-2017,1,16,16,,0,1,0,0,1,0,0,4,4,5,11,Sporadic
Pakistan,Eastern Mediterranean Region of WHO,Southern Asia,2017,4,23-01-2017,29-01-2017,1,3,3,,0,0,0,0,0,0,0,1,1,1,2,Sporadic
Pakistan,Eastern Mediterranean Region of WHO,Southern Asia,2017,5,30-01-2017,05-02-2017,2,28,28,,0,0,0,0,0,0,0,1,1,1,27,Sporadic
Pakistan,Eastern Mediterranean Region of WHO,Southern Asia,2017,6,06-02-2017,12-02-2017,2,18,18,,0,1,0,0,1,,,1,1,2,,Sporadic
Pakistan,Eastern Mediterranean Region of WHO,Southern Asia,2017,7,13-02-2017,19-02-2017,2,23,23,,0,1,0,,1,0,0,1,1,2,21,Sporadic
Pakistan,Eastern Mediterranean Region of WHO,Southern Asia,2017,8,20-02-2017,26-02-2017,2,20,20,,0,2,0,,2,,,0,0,2,,Sporadic
Pakistan,Eastern Mediterranean Region of WHO,Southern Asia,2017,9,27-02-2017,05-03-2017,3,,,,,,,,0,,,0,0,0,,No Activity
Pakistan,Eastern Mediterranean Region of WHO,Southern Asia,2017,10,06-03-2017,12-03-2017,3,17,17,,0,0,0,,0,0,0,2,2,2,15,Sporadic
Pakistan,Eastern Mediterranean Region of WHO,Southern Asia,2017,11,13-03-2017,19-03-2017,3,,,,,,,,0,,,0,0,0,,No Activity
Pakistan,Eastern Mediterranean Region of WHO,Southern Asia,2017,12,20-03-2017,26-03-2017,3,18,18,,0,2,0,,2,,,0,0,2,,Sporadic
Pakistan,Eastern Mediterranean Region of WHO,Southern Asia,2017,13,27-03-2017,02-04-2017,4,16,16,,0,2,0,,2,,,0,0,2,,Sporadic
Pakistan,Eastern Mediterranean Region of WHO,Southern Asia,2017,14,03-04-2017,09-04-2017,4,,,,,,,,0,,,0,0,0,,No Activity
Pakistan,Eastern Mediterranean Region of WHO,Southern Asia,2017,15,10-04-2017,16-04-2017,4,45,45,,0,1,0,,1,0,0,1,1,2,43,Sporadic
Pakistan,Eastern Mediterranean Region of WHO,Southern Asia,2017,16,17-04-2017,23-04-2017,4,5,5,,0,0,0,0,0,,,0,0,0,5,No Activity
Pakistan,Eastern Mediterranean Region of WHO,Southern Asia,2017,17,24-04-2017,30-04-2017,4,2,2,,0,0,0,0,0,,,0,0,0,2,Sporadic
Pakistan,Eastern Mediterranean Region of WHO,Southern Asia,2017,18,01-05-2017,07-05-2017,5,30,30,,0,0,0,0,0,,,0,0,0,30,No Activity
Pakistan,Eastern Mediterranean Region of WHO,Southern Asia,2017,19,08-05-2017,14-05-2017,5,15,15,,0,0,0,0,0,,,0,0,0,15,No Activity
Pakistan,Eastern Mediterranean Region of WHO,Southern Asia,2017,20,15-05-2017,21-05-2017,5,12,12,,0,0,0,0,0,,,0,0,0,12,No Activity
Pakistan,Eastern Mediterranean Region of WHO,Southern Asia,2017,21,22-05-2017,28-05-2017,5,17,17,,0,0,0,0,0,,,0,0,0,17,No Activity
Pakistan,Eastern Mediterranean Region of WHO,Southern Asia,2017,22,29-05-2017,04-06-2017,6,5,5,,0,0,0,0,0,,,0,0,0,5,No Activity
Pakistan,Eastern Mediterranean Region of WHO,Southern Asia,2017,23,05-06-2017,11-06-2017,6,4,4,,0,0,0,0,0,,,0,0,0,4,No Report
Pakistan,Eastern Mediterranean Region of WHO,Southern Asia,2017,24,12-06-2017,18-06-2017,6,48,48,,0,0,0,0,0,,,0,0,0,48,No Activity
Pakistan,Eastern Mediterranean Region of WHO,Southern Asia,2017,27,03-07-2017,09-07-2017,7,5,5,,0,0,0,0,0,,,0,0,0,5,No Activity
Pakistan,Eastern Mediterranean Region of WHO,Southern Asia,2017,28,10-07-2017,16-07-2017,7,61,61,,0,0,0,0,0,,,0,0,0,61,No Activity
Pakistan,Eastern Mediterranean Region of WHO,Southern Asia,2017,29,17-07-2017,23-07-2017,7,2,2,,0,0,0,0,0,,,0,0,0,2,No Activity
Pakistan,Eastern Mediterranean Region of WHO,Southern Asia,2017,31,31-07-2017,06-08-2017,8,43,43,,0,1,0,0,1,,,0,0,1,42,Sporadic
Pakistan,Eastern Mediterranean Region of WHO,Southern Asia,2017,32,07-08-2017,13-08-2017,8,2,2,,0,0,0,0,0,,,0,0,0,3,No Activity
Pakistan,Eastern Mediterranean Region of WHO,Southern Asia,2017,33,14-08-2017,20-08-2017,8,7,7,,1,1,0,0,2,,,0,0,2,5,Sporadic
Pakistan,Eastern Mediterranean Region of WHO,Southern Asia,2017,34,21-08-2017,27-08-2017,8,4,4,,0,0,0,0,0,,,0,0,0,4,No Activity
Pakistan,Eastern Mediterranean Region of WHO,Southern Asia,2017,35,28-08-2017,03-09-2017,9,4,4,,0,1,0,0,1,0,0,0,0,1,3,Sporadic
Pakistan,Eastern Mediterranean Region of WHO,Southern Asia,2017,36,04-09-2017,10-09-2017,9,6,6,,0,3,0,0,3,0,0,0,0,3,,Sporadic
Pakistan,Eastern Mediterranean Region of WHO,Southern Asia,2017,37,11-09-2017,17-09-2017,9,12,12,,0,2,0,0,2,0,0,0,0,2,10,Sporadic
Pakistan,Eastern Mediterranean Region of WHO,Southern Asia,2017,38,18-09-2017,24-09-2017,9,0,0,,0,0,0,0,0,0,0,0,0,0,0,No Activity
Pakistan,Eastern Mediterranean Region of WHO,Southern Asia,2017,39,25-09-2017,01-10-2017,10,13,13,,0,2,0,0,2,0,0,0,0,2,11,Sporadic
Pakistan,Eastern Mediterranean Region of WHO,Southern Asia,2017,40,02-10-2017,08-10-2017,10,0,0,,0,0,0,0,0,0,0,0,0,0,0,No Activity
Pakistan,Eastern Mediterranean Region of WHO,Southern Asia,2017,41,09-10-2017,15-10-2017,10,18,18,,0,4,0,0,4,0,0,0,0,4,14,Sporadic
Pakistan,Eastern Mediterranean Region of WHO,Southern Asia,2017,42,16-10-2017,22-10-2017,10,18,18,,0,0,0,0,0,0,0,0,0,0,18,No Activity
Pakistan,Eastern Mediterranean Region of WHO,Southern Asia,2017,43,23-10-2017,29-10-2017,10,0,0,,0,0,0,0,0,0,0,0,0,0,0,No Activity
Pakistan,Eastern Mediterranean Region of WHO,Southern Asia,2017,44,30-10-2017,05-11-2017,11,0,0,,0,0,0,0,0,0,0,0,0,0,0,No Activity
Pakistan,Eastern Mediterranean Region of WHO,Southern Asia,2017,45,06-11-2017,12-11-2017,11,13,13,,0,1,0,0,1,0,0,0,0,1,12,Sporadic
Pakistan,Eastern Mediterranean Region of WHO,Southern Asia,2017,46,13-11-2017,19-11-2017,11,28,28,,1,1,0,0,2,0,0,0,0,2,26,Sporadic
Pakistan,Eastern Mediterranean Region of WHO,Southern Asia,2017,47,20-11-2017,26-11-2017,11,16,16,,1,0,0,0,1,0,0,0,0,1,15,Sporadic
Pakistan,Eastern Mediterranean Region of WHO,Southern Asia,2017,48,27-11-2017,03-12-2017,12,0,0,,0,0,0,0,0,0,0,0,0,0,0,No Activity
Pakistan,Eastern Mediterranean Region of WHO,Southern Asia,2017,49,04-12-2017,10-12-2017,12,45,45,,2,7,0,0,9,0,0,0,0,9,36,Sporadic
Pakistan,Eastern Mediterranean Region of WHO,Southern Asia,2017,50,11-12-2017,17-12-2017,12,11,11,,3,3,0,0,6,0,0,0,0,6,5,Sporadic
Pakistan,Eastern Mediterranean Region of WHO,Southern Asia,2017,51,18-12-2017,24-12-2017,12,64,64,,11,7,,,18,0,0,0,0,18,46,Sporadic
Pakistan,Eastern Mediterranean Region of WHO,Southern Asia,2017,52,25-12-2017,31-12-2017,12,100,100,,33,11,0,0,44,0,0,0,0,44,56,Local Outbreak
Pakistan,Eastern Mediterranean Region of WHO,Southern Asia,2018,1,01-01-2018,07-01-2018,1,268,268,,81,26,,,107,,,0,0,107,161,No Report
Pakistan,Eastern Mediterranean Region of WHO,Southern Asia,2018,2,08-01-2018,14-01-2018,1,373,373,,103,17,0,0,120,0,0,0,0,120,253,Local Outbreak
Pakistan,Eastern Mediterranean Region of WHO,Southern Asia,2018,3,15-01-2018,21-01-2018,1,409,409,,89,56,0,0,145,0,0,0,0,145,264,Local Outbreak
Pakistan,Eastern Mediterranean Region of WHO,Southern Asia,2018,4,22-01-2018,28-01-2018,1,537,537,,103,61,,,164,,,7,7,171,366,Local Outbreak
Pakistan,Eastern Mediterranean Region of WHO,Southern Asia,2018,5,29-01-2018,04-02-2018,2,340,340,,45,19,0,0,64,0,0,6,6,70,270,Local Outbreak
Pakistan,Eastern Mediterranean Region of WHO,Southern Asia,2018,6,05-02-2018,11-02-2018,2,244,244,,40,30,0,0,70,0,0,9,9,79,165,Local Outbreak
Pakistan,Eastern Mediterranean Region of WHO,Southern Asia,2018,7,12-02-2018,18-02-2018,2,120,120,,12,7,0,0,19,0,0,7,7,26,94,Local Outbreak
Pakistan,Eastern Mediterranean Region of WHO,Southern Asia,2018,8,19-02-2018,25-02-2018,2,99,99,,19,5,0,0,24,0,0,7,7,31,68,Sporadic
Pakistan,Eastern Mediterranean Region of WHO,Southern Asia,2018,9,26-02-2018,04-03-2018,3,100,100,,8,6,0,0,14,0,0,5,5,19,81,Sporadic
Pakistan,Eastern Mediterranean Region of WHO,Southern Asia,2018,10,05-03-2018,11-03-2018,3,30,30,,4,0,0,0,4,0,0,2,2,6,24,Sporadic
Pakistan,Eastern Mediterranean Region of WHO,Southern Asia,2018,11,12-03-2018,18-03-2018,3,55,55,,1,1,0,0,2,,,3,3,5,50,Sporadic
Pakistan,Eastern Mediterranean Region of WHO,Southern Asia,2018,12,19-03-2018,25-03-2018,3,20,20,,0,0,0,0,0,,,0,0,0,20,No Activity
Pakistan,Eastern Mediterranean Region of WHO,Southern Asia,2018,13,26-03-2018,01-04-2018,4,10,10,,0,0,0,0,0,,,0,0,0,10,No Activity
Pakistan,Eastern Mediterranean Region of WHO,Southern Asia,2018,14,02-04-2018,08-04-2018,4,51,51,,5,1,0,0,6,,,1,1,7,44,Sporadic
Pakistan,Eastern Mediterranean Region of WHO,Southern Asia,2018,15,09-04-2018,15-04-2018,4,40,40,,1,1,0,0,2,,,3,3,5,35,Sporadic
Pakistan,Eastern Mediterranean Region of WHO,Southern Asia,2018,16,16-04-2018,22-04-2018,4,7,7,,0,0,0,0,0,,,1,1,1,6,Sporadic
Pakistan,Eastern Mediterranean Region of WHO,Southern Asia,2018,17,23-04-2018,29-04-2018,4,5,5,,0,0,0,0,0,,,0,0,0,5,No Activity
Pakistan,Eastern Mediterranean Region of WHO,Southern Asia,2018,18,30-04-2018,06-05-2018,5,5,5,,0,0,0,0,0,,,0,0,0,5,No Activity
Pakistan,Eastern Mediterranean Region of WHO,Southern Asia,2018,19,07-05-2018,13-05-2018,5,5,5,,0,0,0,0,0,,,0,0,0,5,No Activity
Pakistan,Eastern Mediterranean Region of WHO,Southern Asia,2018,20,14-05-2018,20-05-2018,5,4,4,,0,0,0,0,0,0,0,0,0,0,4,No Activity
Pakistan,Eastern Mediterranean Region of WHO,Southern Asia,2018,21,21-05-2018,27-05-2018,5,11,11,,0,0,0,0,0,0,0,0,0,0,11,No Activity
Pakistan,Eastern Mediterranean Region of WHO,Southern Asia,2018,22,28-05-2018,03-06-2018,6,15,15,,0,0,0,0,0,,,1,1,1,21,Sporadic
Pakistan,Eastern Mediterranean Region of WHO,Southern Asia,2018,23,04-06-2018,10-06-2018,6,9,9,,0,0,0,0,0,0,0,0,0,0,9,No Activity
Pakistan,Eastern Mediterranean Region of WHO,Southern Asia,2018,24,11-06-2018,17-06-2018,6,8,8,,0,0,0,0,0,0,0,0,0,0,8,No Activity
Pakistan,Eastern Mediterranean Region of WHO,Southern Asia,2018,25,18-06-2018,24-06-2018,6,7,7,,0,0,0,0,0,0,0,0,0,0,7,No Activity
Pakistan,Eastern Mediterranean Region of WHO,Southern Asia,2018,26,25-06-2018,01-07-2018,7,6,6,,0,0,0,0,0,0,0,0,0,0,6,No Activity
Pakistan,Eastern Mediterranean Region of WHO,Southern Asia,2018,27,02-07-2018,08-07-2018,7,11,11,,0,0,0,0,0,0,0,0,0,0,11,No Activity
Pakistan,Eastern Mediterranean Region of WHO,Southern Asia,2018,28,09-07-2018,15-07-2018,7,7,7,,0,0,0,0,0,0,0,0,0,0,7,No Activity
Pakistan,Eastern Mediterranean Region of WHO,Southern Asia,2018,29,16-07-2018,22-07-2018,7,11,11,,0,0,0,0,0,0,0,0,0,0,11,No Activity
Pakistan,Eastern Mediterranean Region of WHO,Southern Asia,2018,30,23-07-2018,29-07-2018,7,6,6,,0,0,0,0,0,0,0,0,0,0,6,No Activity
Pakistan,Eastern Mediterranean Region of WHO,Southern Asia,2018,31,30-07-2018,05-08-2018,8,8,8,,0,0,0,0,0,0,0,0,0,0,8,No Activity
Pakistan,Eastern Mediterranean Region of WHO,Southern Asia,2018,49,03-12-2018,09-12-2018,12,13,13,,1,0,0,0,1,0,0,0,0,1,12,Sporadic
Pakistan,Eastern Mediterranean Region of WHO,Southern Asia,2018,50,10-12-2018,16-12-2018,12,24,24,,2,0,0,0,2,0,0,2,2,4,22,Sporadic
Pakistan,Eastern Mediterranean Region of WHO,Southern Asia,2018,51,17-12-2018,23-12-2018,12,23,23,,2,0,0,0,2,0,0,3,3,5,18,Sporadic
Pakistan,Eastern Mediterranean Region of WHO,Southern Asia,2018,52,24-12-2018,30-12-2018,12,36,36,,4,0,0,0,4,0,0,3,3,7,29,Sporadic
Pakistan,Eastern Mediterranean Region of WHO,Southern Asia,2019,1,31-12-2018,06-01-2019,1,84,84,,19,3,0,0,22,0,0,8,8,30,54,Local Outbreak
Pakistan,Eastern Mediterranean Region of WHO,Southern Asia,2019,2,07-01-2019,13-01-2019,1,195,195,,50,5,0,0,55,0,0,21,21,76,119,Local Outbreak
Pakistan,Eastern Mediterranean Region of WHO,Southern Asia,2019,3,14-01-2019,20-01-2019,1,212,212,,38,8,0,0,46,0,0,26,26,72,140,Local Outbreak
Pakistan,Eastern Mediterranean Region of WHO,Southern Asia,2019,4,21-01-2019,27-01-2019,1,203,203,,35,10,0,0,45,0,0,18,18,63,145,Local Outbreak
Pakistan,Eastern Mediterranean Region of WHO,Southern Asia,2019,5,28-01-2019,03-02-2019,2,296,296,,42,16,0,0,58,0,0,46,46,104,192,Local Outbreak
Pakistan,Eastern Mediterranean Region of WHO,Southern Asia,2019,6,04-02-2019,10-02-2019,2,232,232,,41,21,0,0,62,0,0,36,36,98,134,Local Outbreak
Pakistan,Eastern Mediterranean Region of WHO,Southern Asia,2019,7,11-02-2019,17-02-2019,2,320,320,,28,14,0,0,42,0,0,38,38,80,236,Local Outbreak
Pakistan,Eastern Mediterranean Region of WHO,Southern Asia,2019,8,18-02-2019,24-02-2019,2,182,182,,18,8,0,0,26,0,0,9,9,35,147,Local Outbreak
